Date,Code,Type,Category,Details,Amount
2021-12-29,ACH,Income,<Account Adjustment>,Starting Balance,453.54
2022-01-03,DEP,Income,Transfer from Savings,Transfer from Capital One,1200.0
2022-01-03,POS,Expenses,Credit Card,Paid off credit card,350.0
2022-01-03,POS,Expenses,Credit Card,Paid off credit card,992.24
2022-01-06,DEP,Income,Deposit TWO,County Fair,429.87
2022-01-07,POS,Expenses,Other,Venmo for Holiday Challenge,10.5
2022-01-10,DEP,Income,Transfer from Other,Transfer from Dad,400.0
2022-01-12,POS,Expenses,Credit Card,Paid off credit card,1000.0
2022-01-18,DEP,Income,Transfer from Savings,Transfer from Capital One,1500.0
2022-01-18,POS,Expenses,Credit Card,Paid off credit card,868.2
2022-01-24,POS,Expenses,Education/Training,SDSU Tuition and Fees,5252.44
2022-01-24,DEP,Income,Transfer from Savings,Transfer from Capital One,6000.0
2022-02-01,POS,Expenses,Other,Accidental transfer from Capital One to Dad,100.0
2022-02-02,POS,Expenses,Credit Card,Paid off credit card,274.08
2022-02-07,DEP,Income,Transfer from Other,Accidental transfer from Capital One to Dad (reimbursment),100.0
2022-02-28,POS,Expenses,Recreation,Venmo for Hotel in Grand Forks (Indoor TF Conference),21.0
2022-03-04,POS,Expenses,Credit Card,Paid off credit card,766.05
2022-03-14,DEP,Income,Transfer from Savings,Transfer from Capital One,2093.0
2022-03-25,POS,Expenses,Credit Card,Paid off credit card,509.96
2022-03-28,POS,Expenses,Other,Venmo for Garbussy,14.53
2022-03-28,POS,Expenses,Recreation,Venmo for Rodzilla shirt,20.0
2022-04-11,DEP,Income,Transfer from Other,Dad Reimbursing for Ice Cream in Sioux City with family Venmo,33.7
2022-04-11,POS,Expenses,Recreation,Venmo for Ice Cream in Sioux City with family,33.7
2022-04-11,POS,Expenses,Gas & Misc.,Venmo for gas to USD Meet (Andrew Pick),10.0
2022-04-11,POS,Expenses,Gas & Misc.,Venmo for gas to USD Meet (Andrew Pick) again,10.0
2022-04-22,POS,Expenses,Credit Card,Paid off credit card,342.24
2022-04-22,POS,Expenses,Gas & Misc.,Venmo for gas to USD Meet (Andrew Pick),4.6
2022-04-28,POS,Expenses,Recreation,Venmo for pi hat in Des Moines (Jacob Knodle),10.0
2022-05-02,POS,Expenses,Recreation,Venmo for Taco Bell in Des Moines (Kyle Nordling),10.0
2022-05-02,POS,Expenses,Gas & Misc.,Venmo for gas to Simpson Meet (Kyle Nordling),33.0
2022-05-04,POS,Expenses,Education/Training,Venmo for Hobo Dough (Wyatt Ash),50.0
2022-05-06,POS,Expenses,Education/Training,Venmo for Garmin watch (Andrew Pick),90.0
2022-05-09,POS,Expenses,Other,Spent money at Kohls,157.28
2022-05-09,POS,Expenses,Other,Wrote Mom a check,30.0
2022-05-16,POS,Expenses,Credit Card,Paid off credit card,594.45
2022-05-23,DEP,Income,Transfer from Other,Venmo cashout,88.86
2022-05-23,POS,Expenses,Recreation,Withdrew cash to buy Apple Watch,120.0
2022-05-27,DEP,Income,Deposit ONE,KBR Paycheck,1328.85
2022-05-27,DEP,Income,Deposit Other,Deposit check from Mom,164.0
2022-05-31,POS,Expenses,Other,Venmo for City Wide Rummage for Mom,5.0
2022-06-10,DEP,Income,Deposit ONE,KBR Paycheck,1328.85
2022-06-10,POS,Expenses,Recreation,Venmo for Taco Bell (Ryker Pedde),4.5
2022-06-13,POS,Expenses,Credit Card,Paid off credit card,901.8
2022-06-21,POS,Expenses,Credit Card,Paid off credit card,1238.6
2022-06-24,DEP,Income,Deposit ONE,KBR Paycheck,1328.85
2022-06-27,DEP,Income,Transfer from Other,Venmo cashout,25.0
2022-06-28,POS,Expenses,Health Care,Wrote a check to Dakota Dermatology,80.0
2022-07-06,POS,Expenses,Credit Card,Paid off credit card,322.56
2022-07-08,DEP,Income,Deposit ONE,KBR Paycheck,1328.85
2022-07-13,POS,Expenses,Recreation,Withdrew cash for something I can't remember,200.0
2022-07-18,DEP,Income,Transfer from Other,Venmo cashout,50.0
2022-07-18,DEP,Income,Transfer from Other,Transfer from Dad,2000.0
2022-07-22,DEP,Income,Deposit ONE,KBR Paycheck,1238.2
2022-07-22,POS,Expenses,Recreation,Venmo for coffee (Ryker Pedde),3.5
2022-08-01,POS,Expenses,Credit Card,Paid off credit card,741.1
2022-08-05,DEP,Income,Deposit ONE,KBR Paycheck,1328.85
2022-08-08,POS,Expenses,Recreation,Venmo for Team Camp (Mason McDonald),95.0
2022-08-09,POS,Expenses,Other,Wrote Mom a check,61.0
2022-08-16,POS,Expenses,Recreation,Venmo for pizza at Team Camp (Max Selbach),7.0
2022-08-16,POS,Expenses,Recreation,Venmo for pizza at Team Camp (Max Selbach),1.5
2022-08-16,POS,Expenses,Recreation,Venmo for pizza at Team Camp (Max Selbach),2.0
2022-08-19,DEP,Income,Deposit ONE,KBR Paycheck,1328.85
2022-09-01,POS,Expenses,Credit Card,Paid off credit card,756.95
2022-09-02,DEP,Income,Deposit ONE,KBR Paycheck,90.67
2022-09-02,POS,Expenses,Education/Training,SDSU Tuition and Fees,5635.29
2022-09-06,DEP,Income,Transfer from Other,Venmo cashout,276.5
2022-09-06,POS,Expenses,Recreation,Venmo for skydiving (Rana Hegg),200.0
2022-09-06,POS,Expenses,Recreation,Venmo for skydiving again (Rana Hegg),100.0
2022-09-15,POS,Expenses,Recreation,Venmo for bread (Max Selbach),4.0
2022-09-16,DEP,Income,Deposit ONE,KBR Paycheck,231.2
2022-09-26,DEP,Income,Transfer from Other,Venmo cashout,50.0
2022-09-26,POS,Expenses,Recreation,Venmo for pizza after duck hunting (Mason McDonald),4.0
2022-09-26,POS,Expenses,Credit Card,Paid off credit card,345.46
2022-09-30,DEP,Income,Deposit ONE,KBR Paycheck,213.06
2022-10-13,POS,Expenses,Recreation,Venmo for skydiving pictures/video (Rana Hegg),20.0
2022-10-14,DEP,Income,Deposit ONE,KBR Paycheck,235.73
2022-10-17,DEP,Income,Transfer from Other,Venmo cashout,40.0
2022-10-17,POS,Expenses,Gas & Misc.,"Venmo for gas to Platte River Rumble in Omaha, NE (Kyle Nordling)",16.01
2022-10-17,POS,Expenses,Credit Card,Paid off credit card,391.77
2022-10-24,POS,Expenses,Recreation,Venmo for haunted house in Brookings (Rana Hegg),25.0
2022-10-26,DEP,Income,Transfer from Other,Venmo cashout,57.5
2022-10-26,POS,Expenses,Groceries,Venmo for Walmart run (Andrew Pick),13.0
2022-10-27,DEP,Income,Transfer from Other,Transfer from Dad (Dr. Levi),30.0
2022-10-28,DEP,Income,Deposit ONE,KBR Paycheck,172.27
2022-11-01,POS,Expenses,Other,Tranfer to Dad (House Payment mistake),1000.0
2022-11-03,POS,Expenses,Credit Card,Paid off credit card,586.61
2022-11-03,POS,Expenses,Recreation,Venmo for SDSU XC/TF hat (Will Lohr),22.0
2022-11-04,DEP,Income,Transfer from Other,Tranfer from Dad (House Payment mistake),1500.0
2022-11-10,DEP,Income,Deposit ONE,KBR Paycheck,199.47
2022-11-14,POS,Expenses,Gas & Misc.,"Venmo for gas to Regionals XC Meet Columbia, MO (Nate Notgrass)",45.0
2022-11-16,POS,Expenses,Rent,Venmo for first half of house deposit for The Nest (Daniel Burkhalter),175.0
2022-11-22,POS,Expenses,Other,Accidental transfer from savings,100.0
2022-11-23,POS,Expenses,Dining Out,Venmo for breakfast (Rana Hegg),5.0
2022-11-23,POS,Expenses,Dining Out,Venmo for breakfast (Rana Hegg),5.0
2022-11-23,POS,Expenses,Dining Out,Venmo for breakfast (Rana Hegg),5.0
2022-11-23,POS,Expenses,Dining Out,Venmo for breakfast (Rana Hegg),5.0
2022-11-25,DEP,Income,Deposit ONE,KBR Paycheck,294.66
2022-11-25,DEP,Income,Transfer from Other,Venmo cashout,22.6
2022-12-01,DEP,Income,Transfer from Other,Venmo cashout,10.0
2022-12-01,POS,Expenses,Other,Venmo for Project Joy (Ben Olson),10.0
2022-12-02,POS,Expenses,Other,Wrote a check to Clerk of Courts (speeding ticket),117.5
2022-12-05,DEP,Income,Transfer from Other,Accidental transfer from savings reimbursement (Dad),100.0
2022-12-05,POS,Expenses,Gas & Misc.,Venmo for gas (I think) (Rana Hegg),50.0
2022-12-05,POS,Expenses,Gas & Misc.,Venmo for gas (I think) again (Rana Hegg),25.0
2022-12-05,POS,Expenses,Groceries,Venmo for groceries (Rana Hegg),8.0
2022-12-08,POS,Expenses,Credit Card,Paid off credit card,496.41
2022-12-09,DEP,Income,Deposit ONE,KBR Paycheck,181.33
2022-12-19,DEP,Income,Transfer from Other,Venmo cashout,64.0
2022-12-19,POS,Expenses,Other,Wrote Mom a check,100.0
2022-12-23,DEP,Income,Deposit ONE,KBR Paycheck,575.0
2022-12-27,POS,Expenses,Credit Card,Paid off credit card,327.64
2022-12-28,DEP,Income,Deposit Other,Deposit check from SDSU and Christmas $100,600.0
2022-12-29,POS,Expenses,Education/Training,Credit card for Coursera SQL Course and Chegg bill,62.79
2023-01-01,POS,Expenses,Recreation,Venmo for unicorn pinata (Rana Hegg),20.0
2023-01-06,DEP,Income,Deposit ONE,KBR Paycheck,1207.46
2023-01-09,POS,Expenses,Groceries,Groceries at Walmart,34.79
2023-01-09,POS,Expenses,Credit Card,Paid off credit card,60.34
2023-01-13,DEP,Income,Deposit Other,Venmo cashout,30.0
2023-01-13,POS,Expenses,Other,Venmo for door mat (Brandon Clausen),13.0
2023-01-17,DEP,Income,Deposit Other,Venmo cashout,27.0
2023-01-18,DEP,Income,Transfer from Savings,Transfer from Capital One,1800.0
2023-01-20,DEP,Income,Deposit ONE,KBR Paycheck,772.36
2023-01-20,POS,Expenses,Education/Training,SDSU Tuition and Fees,5325.6
2023-01-25,POS,Expenses,Groceries,Venmo for Oreos (Andrew Pick),2.0
2023-01-27,POS,Expenses,Recreation,Venmo for Dragonflys (Rod DeHaven),96.0
2023-01-30,POS,Expenses,Credit Card,Paid off credit card,25.0
2023-01-31,DEP,Income,Deposit Other,Venmo cashout,77.0
2023-01-31,POS,Expenses,Chegg,Venmo for something and chegg (Rana Hegg),45.0
2023-02-03,DEP,Income,Deposit ONE,KBR Paycheck,339.99
2023-02-08,DEP,Income,Deposit Other,Wells Fargo Rewards,525.0
2023-02-08,POS,Expenses,Credit Card,Paid off credit card,483.5
2023-02-10,DEP,Income,Deposit Other,Deposit cash,112.46
2023-02-14,POS,Expenses,Gas & Misc.,New tires and gas,1028.84
2023-02-17,DEP,Income,Deposit ONE,KBR Paycheck,835.4
2023-03-03,DEP,Income,Deposit ONE,KBR Paycheck,438.85
2023-03-07,POS,Expenses,Credit Card,Paid off credit card,574.35
2023-03-10,POS,Expenses,Groceries,Venmo for groceries for spring break (Rana Hegg),73.0
2023-03-13,POS,Expenses,Other,Bought something at a gas station,1.94
2023-03-15,POS,Expenses,Recreation,Venmo for skiing in Arizona (Rana Hegg),165.0
2023-03-15,POS,Expenses,Groceries,Venmo for groceries for spring break (Rana Hegg),74.0
2023-03-15,POS,Expenses,Dining Out,Venmo for green chili burger in Arizona (Rana Hegg),18.0
2023-03-15,POS,Expenses,Recreation,Venmo for AZ Snow Bowl sweatshirt (Andrew Pick),57.0
2023-03-17,DEP,Income,Deposit ONE,KBR Paycheck,384.0
2023-03-20,DEP,Income,Deposit Other,Venmo cashout,20.0
2023-03-20,DEP,Income,Deposit Other,Venmo cashout,107.71
2023-03-20,POS,Expenses,Recreation,Root beer float for Rana,5.53
2023-03-20,POS,Expenses,Dining Out,Venmo for Chipotle (Rana Hegg),7.0
2023-03-20,POS,Expenses,Gas & Misc.,Venmo for gas for spring break (Rana Hegg),267.98
2023-03-20,POS,Expenses,Credit Card,Paid off credit card,265.53
2023-03-23,POS,Expenses,Recreation,Bought a cupcake for Dad's birthday (Colorado),4.88
2023-03-25,POS,Expenses,Apple Music,Apple Music,6.38
2023-03-26,POS,Expenses,Recreation,Bought Taco Bell,5.38
2023-03-27,POS,Expenses,Chegg,Chegg,21.25
2023-03-30,POS,Expenses,Gas & Misc.,Gas,50.0
2023-03-31,DEP,Income,Deposit ONE,KBR Paycheck,438.83
2023-04-03,POS,Expenses,Gas & Misc.,Gas,35.0
2023-04-04,ACH,Savings,Capital One,Transfer to savings,800.0
2023-04-05,POS,Expenses,Education/Training,USD Early Bird registration fee,29.0
2023-04-06,POS,Expenses,Dining Out,Venmo for Hy-Chi (Rana Hegg),5.37
2023-04-07,POS,Expenses,Groceries,Groceries - Hy-Vee,9.24
2023-04-07,POS,Expenses,Groceries,Bought Body Armour for race,3.51
2023-04-10,DEP,Income,Deposit Other,Venmo cashout,10.0
2023-04-10,POS,Expenses,Recreation,Bought sandwhich at Jimmy John's,8.58
2023-04-10,POS,Expenses,Recreation,Venmo for cheeseball (Andrew Pick),0.11
2023-04-10,POS,Expenses,Recreation,Bought supper in Verm with Andrew Pick (Old Lumber Co.),16.75
2023-04-10,POS,Expenses,Gas & Misc.,Gas,50.0
2023-04-10,POS,Expenses,Other,Venmo for Mom's birthday gift (Menards giftcard) (Caden Lackey),25.0
2023-04-10,POS,Expenses,Gas & Misc.,Gas,61.0
2023-04-10,POS,Expenses,Recreation,Venmo for losing at Easter poker (Ella Hegg),5.0
2023-04-11,POS,Expenses,Dining Out,Venmo for Applebees (Rana Hegg),0.01
2023-04-11,DEP,Income,Deposit Other,Venmo cashout,10.02
2023-04-11,POS,Expenses,Gas & Misc.,SDSU Parking ticket,25.0
2023-04-11,POS,Expenses,Dining Out,Went to Applebees,44.72
2023-04-12,POS,Expenses,Recreation,Bought Icee at Caseys,1.39
2023-04-12,POS,Expenses,Groceries,Bought ice at Walmart,4.88
2023-04-12,POS,Expenses,Groceries,Venmo for contact solution (Rana Hegg),19.0
2023-04-14,DEP,Income,Deposit ONE,KBR Paycheck,249.35
2023-04-17,DEP,Income,Deposit Other,Deposit check from Mom,100.0
2023-04-17,DEP,Income,Transfer from Savings,Closed Wells Fargo Savings Account,301.22
2023-04-17,POS,Expenses,Groceries,Venmo for beef and broccoli (Rana Hegg),11.53
2023-04-17,POS,Expenses,Groceries,Venmo for Ice Cream (Rana Hegg),6.0
2023-04-20,POS,Expenses,Recreation,ATM withdrawal to buy gravel bike,450.0
2023-04-20,POS,Expenses,Gas & Misc.,Gas,40.0
2023-04-20,POS,Expenses,Health Care,Eye Doctor,586.4
2023-04-20,POS,Expenses,Gas & Misc.,Gas,56.8
2023-04-20,POS,Expenses,Health Care,Eye doctor co-pay,89.0
2023-04-24,DEP,Income,Transfer from Other,Transfer from Dad (eye doctor),550.0
2023-04-24,POS,Expenses,Recreation,Venmo sparkling water (Brandon Clausen) ,4.0
2023-04-24,POS,Expenses,Gas & Misc.,Gas,50.0
2023-04-24,POS,Expenses,Recreation,Bought drink at gas station,3.4
2023-04-24,POS,Expenses,Gas & Misc.,Gas,18.87
2023-04-25,POS,Expenses,Education/Training,Race entry fee for Kip Janvrin Invite,34.0
2023-04-24,POS,Expenses,Apple Music,Apple Music,6.38
2023-04-26,POS,Expenses,Gas & Misc.,Parking ticket,30.0
2023-04-27,POS,Expenses,Chegg,Chegg,21.25
2023-04-27,POS,Expenses,Recreation,Venmo for Body Armor (Cooper Greenslade),3.69
2023-04-28,DEP,Income,Deposit ONE,KBR Paycheck,498.1
2023-04-28,POS,Expenses,Gas & Misc.,Venmo for gas money (Josh Becker),18.69
2023-04-28,POS,Expenses,Recreation,Bought Tato-Lays in Des Moines,2.78
2023-04-28,POS,Expenses,Recreation,Bought Taco Bell,10.63
2023-04-28,POS,Expenses,Recreation,Bought Jimmy John's,10.37
2023-04-28,POS,Expenses,Gas & Misc.,Gas,4.0
2023-04-29,POS,Expenses,Groceries,Bought chicken breast and pesto sauce packet,10.65
2023-05-01,DEP,Income,Deposit Other,Venmo cashout,31.69
2023-05-01,DEP,Income,Transfer from Savings,Empties savings account,0.02
2023-05-02,POS,Expenses,Education/Training,USD Tune Up entry fee,29.0
2023-05-03,POS,Expenses,Recreation,Bought Cadburry Eggs for Rana,21.29
2023-05-05,POS,Expenses,Gas & Misc.,Gas,53.08
2023-05-05,POS,Expenses,Recreation,TC Summerfest tickets (Imagine Dragons concert)(bought for everyone),825.0
2023-05-05,POS,Expenses,Recreation,TC Summerfest tickets (Imagine Dragons concert)(bought for Elizabeth),275.0
2023-05-05,DEP,Income,Deposit Other,Venmo cashout,4.2
2023-05-07,POS,Expenses,Gas & Misc.,Gas,40.0
2023-05-07,POS,Expenses,Gas & Misc.,Gas,10.0
2023-05-07,POS,Expenses,Recreation,Bought $5 shirt at Men's Wearhouse,5.29
2023-05-08,POS,Expenses,Recreation,Bought Birks at Scheels (wrong size),118.45
2023-05-08,POS,Expenses,Recreation,Traded in Birks for different model,10.6
2023-05-08,DEP,Income,Deposit Other,Scheels refund for spring break hiking pants,42.59
2023-05-08,DEP,Income,Deposit Other,Venmo cashout,825.0
2023-05-08,POS,Expenses,Groceries,Bought yogurt at Sam's Club,29.03
2023-05-09,POS,Expenses,Recreation,"Bought Birk ""goop""",10.65
2023-05-09,POS,Expenses,Health Care,Chiropractor,30.0
2023-05-11,POS,Expenses,Recreation,Bought something at Scheels,21.29
2023-05-11,POS,Expenses,Recreation,Coffee,5.86
2023-05-12,POS,Expenses,Health Care,Dakota Dermatology,30.0
2023-05-12,POS,Expenses,Gas & Misc.,Gas,50.0
2023-05-12,DEP,Income,Deposit ONE,KBR Paycheck,274.28
2023-05-14,POS,Expenses,Groceries,Bought dry black beans,5.87
2023-05-15,POS,Expenses,Haircuts,Haircut,23.11
2023-05-16,POS,Expenses,Recreation,Bought a hammock,74.5
2023-05-16,POS,Expenses,Gas & Misc.,Oil change,47.91
2023-05-17,POS,Expenses,Gas & Misc.,Gas,50.0
2023-05-17,POS,Expenses,Recreation,Bought correct hammock,47.87
2023-05-17,DEP,Income,Deposit Other,Scheels refund for hammock,15.98
2023-05-22,POS,Expenses,Groceries,Bought drinks at Caysey's,8.86
2023-05-25,POS,Expenses,Apple Music,Apple Music,6.38
2023-05-25,POS,Expenses,Rent,Rest of Security Depost (The Nest),175.0
2023-05-26,DEP,Income,Deposit ONE,KBR Paycheck,1598.42
2023-05-26,POS,Expenses,Gas & Misc.,Gas,50.0
2023-05-27,POS,Expenses,Recreation,Bought stuff for planting basil,11.26
2023-05-27,POS,Expenses,Recreation,Potting stuff at Dollar Store,23.96
2023-05-28,POS,Expenses,Recreation,Potting stuff at ACE,13.83
2023-05-30,POS,Expenses,Groceries,Bought a coffee,4.04
2023-05-30,POS,Expenses,Dining Out,Went to Qdoba,13.12
2023-05-31,ACH,Savings,Capital One,Transfer to savings,700.0
2023-06-01,POS,Expenses,Dining Out,Got ice cream,9.6
2023-06-02,POS,Expenses,Groceries,Bought a coffee,4.04
2023-06-04,POS,Expenses,Other,Bought Mom Tuna,1.86
2023-06-04,POS,Expenses,Groceries,Bought a sparkling water,1.27
2023-06-08,POS,Expenses,Rent,Rent (June),350.0
2023-06-09,DEP,Income,Deposit ONE,KBR Paycheck,556.76
2023-06-10,POS,Expenses,Other,Bought a mattress,212.99
2023-06-10,POS,Expenses,Groceries,Bought pesto stuff at County Fair,12.28
2023-06-10,POS,Expenses,Recreation,Bought a coffee at Sioux Falls Farmer's Market,7.34
2023-06-11,POS,Expenses,Other,Bought Dad a Father's Day card,4.25
2023-06-13,POS,Expenses,Recreation,Bought Noah Kahan ticket with Andrew,81.1
2023-06-15,DEP,Income,Deposit TWO,CAPITAL Services,1077.41
2023-06-16,POS,Expenses,Groceries,Bought Dad grapefruit sparkling waters,4.25
2023-06-16,POS,Expenses,Groceries,Groceries - Walmart,17.23
2023-06-16,POS,Expenses,Other,Bought Dad a Father's Day gift,26.41
2023-06-16,POS,Expenses,Recreation,Bought Clothes at Plato's Closet,22.52
2023-06-22,POS,Expenses,Groceries,Got ice cream,4.26
2023-06-23,DEP,Income,Deposit ONE,KBR Paycheck,561.65
2023-06-23,POS,Expenses,Groceries,Bought deodorant,5.31
2023-06-23,POS,Expenses,Other,Bought Dad a Salted Nut Roll,3.18
2023-06-23,POS,Expenses,Dining Out,Got ice cream,16.17
2023-06-24,POS,Expenses,Recreation,Bought a swimsuit at Walmart,9.56
2023-06-24,POS,Expenses,Recreation,Bought a chocolate bar and bowls to pick strawberries,2.47
2023-06-25,POS,Expenses,Groceries,Bought stuff for skillet nachos,20.5
2023-06-25,POS,Expenses,Groceries,Bought Powerade and Bubblr for the school year,53.28
2023-06-25,POS,Expenses,Apple Music,Apple Music,6.38
2023-06-25,POS,Expenses,Gas & Misc.,Gas,50.0
2023-06-26,POS,Expenses,Gifts,One year anniversary dinner,46.37
2023-06-26,POS,Expenses,Other,Wrote Mom a check,100.0
2023-06-28,DEP,Income,Deposit Other,Venmo cashout,10.0
2023-06-30,DEP,Income,Deposit TWO,CAPITAL Services,1162.87
2023-06-30,ACH,Savings,Capital One,Transfer to savings,1500.0
2023-07-05,POS,Expenses,Rent,Rent (July),350.0
2023-07-05,POS,Expenses,Gas & Misc.,Gas,60.0
2023-07-06,POS,Expenses,Recreation,Went to Subway,7.87
2023-07-06,POS,Expenses,Groceries,Groceries at Walmart,27.42
2023-07-07,DEP,Income,Deposit ONE,KBR Paycheck,507.88
2023-07-07,ACH,Savings,Capital One,Transfer to savings,660.0
2023-07-07,POS,Expenses,Gas & Misc.,Gas,52.0
2023-07-08,POS,Expenses,Dining Out,Date night with Rana,49.51
2023-07-08,POS,Expenses,Recreation,Coffee,10.97
2023-07-11,POS,Expenses,Fitness,Bought new running shoes,144.92
2023-07-11,POS,Expenses,Recreation,Bought biking shorts,44.58
2023-07-12,POS,Expenses,Recreation,Bike tune up,75.0
2023-07-14,DEP,Income,Deposit TWO,CAPITAL Services,1174.28
2023-07-14,POS,Expenses,Recreation,Bought stuff at T.J. Maxx,18.03
2023-07-14,POS,Expenses,Other,Rug Doctor for The Nest,54.14
2023-07-14,POS,Expenses,Gas & Misc.,Gas,50.0
2023-07-15,POS,Expenses,Recreation,Ate at 5 Guys in Minneapolis,12.66
2023-07-17,POS,Expenses,Recreation,Venmo for Juniors in Minneapolis (Andrew Pick),13.0
2023-07-17,POS,Expenses,Groceries,Venmo for gas station bevs (Andrew Pick),4.0
2023-07-17,POS,Expenses,Recreation,Venmo for Ball Park Brat (Andrew Pick),12.0
2023-07-17,POS,Expenses,Gas & Misc.,Venmo for gas (Andrew Pick),16.34
2023-07-17,POS,Expenses,Recreation,Venmo for dough nuts (Andrew Pick),4.0
2023-07-17,ACH,Savings,Capital One,Transfer to savings,600.0
2023-07-17,DEP,Income,Deposit Other,Venmo cashout,27.5
2023-07-17,DEP,Income,Deposit Other,Wells Fargo Rewards,25.0
2023-07-18,POS,Expenses,Recreation,Went to Starbucks,11.68
2023-07-19,POS,Expenses,Gas & Misc.,Gas,50.0
2023-07-21,DEP,Income,Deposit ONE,KBR Paycheck,639.85
2023-07-22,POS,Expenses,Gas & Misc.,Gas,50.0
2023-07-22,POS,Expenses,Recreation,PepperJax in Omaha,15.32
2023-07-23,POS,Expenses,Recreation,Bought Jimmy John's,9.13
2023-07-24,POS,Expenses,Groceries,Bought food at gas station,7.81
2023-07-24,POS,Expenses,Gas & Misc.,Gas,20.0
2023-07-24,POS,Expenses,Gas & Misc.,Gas,50.0
2023-07-24,POS,Expenses,Other,Withdrew money for kayak (didn't buy),100.0
2023-07-24,POS,Expenses,Gifts,Bought Rana birthday present (Vuori shorts),42.0
2023-07-24,ACH,Savings,Capital One,Transfer to savings,250.0
2023-07-25,DEP,Income,Deposit Other,Deposit money for kayak (didn't buy),100.0
2023-07-25,POS,Expenses,Apple Music,Apple Music,6.36
2023-07-06,POS,Expenses,Dining Out,Went to Pita Pit,22.49
2023-07-26,POS,Expenses,Recreation,Bike tune up,193.67
2023-07-27,POS,Expenses,Dining Out,Went to Dairy Queen,11.88
2023-07-28,POS,Expenses,Other,Bought spray paint at ACE,15.92
2023-07-28,DEP,Income,Deposit Other,Deposit check from Sanford,30.0
2023-07-29,POS,Expenses,Other,Bought new phone case,28.65
2023-07-30,POS,Expenses,Recreation,Bought Mom a sundae,4.37
2023-07-30,POS,Expenses,Other,Bought more spray paint,13.76
2023-07-30,POS,Expenses,Haircuts,Haircut,31.0
2023-07-30,POS,Expenses,Other,Bought aphid spray at ACE,16.97
2023-07-31,DEP,Income,Deposit TWO,CAPITAL Services,820.21
2023-07-31,POS,Expenses,Groceries,Bought a Celcius at work,3.28
2023-08-01,ACH,Savings,Capital One,Transfer to savings,750.0
2023-08-03,POS,Expenses,Groceries,Venmo for pesto stuff (Rana Hegg),11.0
2023-08-03,POS,Expenses,Utilities,Venmo for utilities (June) (Daniel Burkhalter),20.11
2023-08-03,POS,Expenses,Rent,Rent (August),350.0
2023-08-04,DEP,Income,Deposit ONE,KBR Paycheck,471.76
2023-08-04,ACH,Savings,Capital One,Transfer to savings,300.0
2023-08-04,POS,Expenses,Gifts,Bought Kara Paulson a Diet Coke on last day of CAPITAL,2.54
2023-08-07,DEP,Income,Deposit Other,Venmo cashout,3.2
2023-08-07,POS,Expenses,Recreation,Venmo for movie theater candy (Rana Hegg),3.2
2023-08-07,POS,Expenses,Recreation,Hot yoga with Dad,19.12
2023-08-08,POS,Expenses,Gas & Misc.,Oil change,64.73
2023-08-08,POS,Expenses,Gas & Misc.,Gas,68.51
2023-08-09,POS,Expenses,Groceries,Groceries - Costco,124.7
2023-08-11,POS,Expenses,Other,Bought bed frame (returned),74.33
2023-08-12,POS,Expenses,Gas & Misc.,Gas,50.0
2023-08-14,POS,Expenses,Groceries,Bought tea at gas station on the way to Bozeman,2.02
2023-08-15,DEP,Income,Deposit TWO,CAPITAL Services,1160.35
2023-08-15,POS,Expenses,Groceries,Bought lunch at Walmart in Bozeman,14.97
2023-08-15,POS,Expenses,Dining Out,Got ice cream,14.95
2023-08-15,POS,Expenses,Recreation,Got coffee,7.15
2023-08-16,POS,Expenses,Recreation,Bought new Goodrs,25.0
2023-08-16,POS,Expenses,Dining Out,Paid for lunch with Paxton and Rana,70.71
2023-08-18,POS,Expenses,Gifts,Bought Dad Huckleberry Tea,14.58
2023-08-18,POS,Expenses,Groceries,Bought bag of coffee in Bozeman,17.6
2023-08-18,POS,Expenses,Gifts,"Bought ""Hangry"" towel",13.0
2023-08-18,DEP,Income,Deposit ONE,KBR Paycheck,1064.33
2023-08-18,POS,Expenses,Other,Venmo for sandwich stuff (Rana Hegg),10.47
2023-08-19,POS,Expenses,Education/Training,Bought school supplies,20.86
2023-08-19,POS,Expenses,Gas & Misc.,Bought food at gas station,10.27
2023-08-20,POS,Expenses,Groceries,Groceries - Hy-Vee,60.6
2023-08-20,POS,Expenses,Groceries,Groceries - Walmart,76.28
2023-08-20,POS,Expenses,Groceries,Groceries - Walmart,37.53
2023-08-21,POS,Expenses,Groceries,Groceries - Hy-Vee,2.64
2023-08-21,POS,Expenses,Groceries,Groceries - Hy-Vee,39.76
2023-08-24,POS,Expenses,Groceries,Groceries - Walmart,9.88
2023-08-24,DEP,Income,Transfer from Savings,Transfer from savings,2900.0
2023-08-24,POS,Expenses,Education/Training,SDSU Tuition and Fees,3876.8
2023-08-25,POS,Expenses,Apple Music,Apple Music,6.36
2023-08-26,POS,Expenses,Groceries,Groceries - Hy-Vee,5.3
2023-08-26,POS,Expenses,Groceries,Groceries - Walmart,12.21
2023-08-27,POS,Expenses,Groceries,Groceries - Hy-Vee,37.76
2023-08-27,POS,Expenses,Gas & Misc.,Gas,50.0
2023-08-28,POS,Expenses,Recreation,Venmo for jukebox (Caden Lackey),3.5
2023-08-28,DEP,Income,Deposit Other,Venmo cashout,51.5
2023-08-28,POS,Expenses,Dining Out,Venmo for breakfast muffins (Rana Hegg),3.18
2023-08-30,POS,Expenses,Health Care,Chiropractor,30.0
2023-08-30,POS,Expenses,Gas & Misc.,Gas,60.0
2023-08-31,DEP,Income,Deposit TWO,CAPITAL Services,617.72
2023-09-01,DEP,Income,Deposit ONE,KBR Paycheck,791.41
2023-09-01,POS,Expenses,Dining Out,Went to Tropical Smoothie,6.64
2023-09-03,POS,Expenses,Other,Bought new shoes,153.99
2023-09-05,DEP,Income,Deposit Other,Deposit check from Mom,100.0
2023-09-05,ACH,Savings,Capital One,Transfer to savings,1007.1
2023-09-05,POS,Expenses,Utilities,Utilities (July),35.4
2023-09-05,POS,Expenses,Other,Bought Andrew Milk,3.31
2023-09-05,POS,Expenses,Groceries,Groceries - Walmart,18.52
2023-09-06,POS,Expenses,Rent,Rent (September),350.0
2023-09-06,POS,Expenses,Groceries,Groceries - Walmart,24.03
2023-09-07,POS,Expenses,Groceries,Groceries - Hy-Vee,29.21
2023-09-07,POS,Expenses,Other,One Day For State,5.0
2023-09-08,POS,Expenses,Recreation,Poker night,10.0
2023-09-09,POS,Expenses,Gas & Misc.,Gas,50.0
2023-09-10,POS,Expenses,Gas & Misc.,Gas,50.0
2023-09-11,POS,Expenses,Groceries,Groceries - Hy-Vee,107.54
2023-09-12,POS,Expenses,Health Care,Foot Doctor,30.0
2023-09-12,DEP,Income,Deposit Other,Venmo cashout,68.0
2023-09-13,POS,Expenses,Groceries,Groceries - Hy-Vee,13.77
2023-09-13,POS,Expenses,Groceries,Groceries - Walmart,7.16
2023-09-15,DEP,Income,Deposit ONE,KBR Paycheck,477.24
2023-09-15,POS,Expenses,Recreation,Went to Tropical Smoothie,13.69
2023-09-15,POS,Expenses,Gas & Misc.,Gas,50.0
2023-09-17,POS,Expenses,Groceries,Groceries - Hy-Vee,14.85
2023-09-17,POS,Expenses,Groceries,Groceries - Walmart,14.23
2023-09-18,DEP,Income,Deposit Other,Venmo cashout,10.0
2023-09-18,DEP,Income,Deposit Other,Venmo cashout,17.0
2023-09-19,POS,Expenses,Other,Added Hobo Dough,5.0
2023-09-21,POS,Expenses,Groceries,Groceries - Hy-Vee,30.08
2023-09-22,POS,Expenses,Groceries,Groceries - Hy-Vee,27.07
2023-09-23,POS,Expenses,Groceries,Groceries - Walmart,12.19
2023-09-23,POS,Expenses,Groceries,Bought coffee,20.15
2023-09-25,POS,Expenses,Dining Out,Went to Chic-Fil-A,19.59
2023-09-25,POS,Expenses,Apple Music,Apple Music,6.36
2023-09-25,DEP,Income,Deposit Other,Venmo cashout,8.0
2023-09-29,DEP,Income,Deposit ONE,KBR Paycheck,367.51
2023-09-28,POS,Expenses,Groceries,Bought phone case and gronola bars,54.51
2023-09-29,POS,Expenses,Education/Training,Datacamp Subscription,149.0
2023-09-30,POS,Expenses,Groceries,Groceries - Walmart,13.09
2023-10-01,POS,Expenses,Dining Out,Went to Juice Stop,13.4
2023-10-01,POS,Expenses,Gas & Misc.,Gas,30.0
2023-10-01,POS,Expenses,Other,Bought phone charger at Verizon,29.69
2023-10-02,POS,Income,Deposit Other,Venmo cashout,14.0
2023-10-03,POS,Expenses,Rent,Rent (October),350.0
2023-10-03,POS,Expenses,Groceries,Groceries - Walmart,24.35
2023-10-05,POS,Expenses,Groceries,Groceries - Walmart,85.69
2023-10-05,DEP,Income,Deposit Other,Venmo cashout,70.0
2023-10-05,POS,Expenses,Groceries,Pay Rana back for overpaying me (Rana Hegg),7.0
2023-10-05,POS,Expenses,Other,Bought Mason's old Garmin 645 (Mason McDonald),50.0
2023-10-09,POS,Expenses,Recreation,Hobo Day 5K,33.11
2023-10-09,POS,Expenses,Recreation,Hobo Day 5K (Rana),33.11
2023-10-11,POS,Expenses,Gas & Misc.,Gas,50.0
2023-10-11,DEP,Income,Deposit Other,Venmo cashout,34.0
2023-10-12,POS,Expenses,Dining Out,Venmo for pizza (Ryker Pedde),6.0
2023-10-13,DEP,Income,Deposit ONE,KBR Paycheck,902.19
2022-10-14,POS,Expenses,Recreation,Bought Life Is Good sweatshirt,66.38
2023-10-15,POS,Expenses,Groceries,Groceries - Hy-Vee,58.36
2023-10-16,DEP,Income,Deposit Other,Venmo cashout,67.0
2023-10-16,POS,Expenses,Recreation,Venmo for McDonald's (Rana Hegg),27.0
2023-10-16,POS,Expenses,Recreation,Venmo for McDonald's (Rana Hegg),11.0
2023-10-16,POS,Expenses,Dining Out,Venmo for Papa John's (Rana Hegg),6.0
2023-10-18,POS,Expenses,Gas & Misc.,Gas,45.0
2023-10-18,POS,Expenses,Groceries,Bought cold medicine from County Fair,12.73
2023-10-20,POS,Expenses,Recreation,Metallica tickets fee,56.0
2023-10-20,POS,Expenses,Groceries,Groceries - Hy-Vee,13.91
2023-10-20,POS,Expenses,Recreation,Ticketmaster Fee (Metallica),130.4
2023-10-20,POS,Expenses,Recreation,Metallica Tickets (Ticketmaster),488.37
2023-10-21,POS,Expenses,Recreation,Bought new bike tires,112.55
2023-10-23,POS,Expenses,Health Care,Prescription for cold,2.86
2023-10-23,POS,Expenses,Recreation,Venmo for Poker Night (Brandon Clausen),10.0
2023-10-24,POS,Expenses,Dining Out,Bought dirty chai latte at Kool Beans,7.5
2023-10-25,POS,Expenses,Groceries,Groceries - Walmart,37.72
2023-10-27,DEP,Income,Deposit ONE,KBR Paycheck,600.76
2023-10-27,POS,Expenses,Apple Music,Apple Music,6.36
2023-10-27,POS,Expenses,Groceries,Groceries - Walmart,40.93
2023-10-28,POS,Expenses,Dining Out,Hot cocoa at Kool Beans,6.31
2023-10-29,POS,Expenses,Gas & Misc.,Gas,45.0
2023-10-30,POS,Expenses,Groceries,Bought veggies for Bible study (Halloween),16.98
2023-10-30,DEP,Income,Deposit Other,Venmo cashout,20.0
2023-11-01,DEP,Income,Transfer from Savings,Transfer from Capital One,1000.0
2023-11-01,POS,Expenses,Utilities,Utilities (August),57.54
2023-11-01,POS,Expenses,Fitness,Hot Yoga with Dad,19.12
2023-11-03,POS,Expenses,Groceries,Groceries - Walmart,11.68
2023-11-03,POS,Expenses,Groceries,Bought beans and tea stuff on Amazon,110.24
2023-11-03,POS,Expenses,Rent,Rent (November),350.0
2023-11-04,POS,Expenses,Other,Amazon Prime monthly fee (accidentally signed up),7.95
2023-11-07,POS,Expenses,Dining Out,Venmo for breakfast (Rana Hegg),2.5
2023-11-07,POS,Expenses,Dining Out,Venmo for breakfast (Rana Hegg),4.0
2023-11-07,POS,Expenses,Groceries,Groceries - Hy-Vee,69.93
2023-11-08,POS,Expenses,Dining Out,Went to Subway,6.92
2023-11-09,DEP,Income,Deposit ONE,KBR Paycheck,688.74
2023-11-09,POS,Expenses,Student Loans,Student loan payment,1013.95
2023-11-10,POS,Expenses,Gas & Misc.,Gas,50.0
2023-11-11,POS,Expenses,Dining Out,Went to Vinyl Taco,28.23
2023-11-11,POS,Expenses,Gas & Misc.,Gas,40.0
2023-11-14,POS,Expenses,Groceries,Groceries - Walmart,4.69
2023-11-14,POS,Expenses,Gas & Misc.,Gas,50.0
2023-11-15,POS,Expenses,Groceries,Groceries - Walmart,7.0
2023-11-20,DEP,Income,Deposit Other,Venmo cashout,4.0
2023-11-21,POS,Expenses,Fitness,Bought tubless tire stuff,70.04
2023-11-21,POS,Expenses,Dining Out,Venmo for dough nuts (Rana Hegg),2.0
2023-11-21,POS,Expenses,Dining Out,Venmo for Hy-Chi (Rana Hegg),9.0
2023-11-21,POS,Expenses,Dining Out,Venmo for Tropical Smoothie (Rana Hegg),3.75
2023-11-24,DEP,Income,Deposit ONE,KBR Paycheck,766.96
2023-11-24,POS,Expenses,Recreation,Bought jeans on Black Friday (American Eagle),81.7
2023-11-25,POS,Expenses,Gifts,Green Day tickets fee or insurance?,27.0
2023-11-15,POS,Expenses,Gifts,Green Day tickets,260.77
2023-11-25,POS,Expenses,Gifts,Christmas gifts for Sean and Vic,21.18
2023-11-25,POS,Expenses,Apple Music,Apple Music,6.36
2023-11-26,POS,Expenses,Groceries,Groceries - Hy-Vee,34.57
2023-11-26,DEP,Income,Deposit Other,Refund for jeans (American Eagle),44.56
2023-11-26,POS,Expenses,Dining Out,Bought Starbucks for me and Dad,11.93
2023-11-28,POS,Expenses,Groceries,Groceries - Walmart,10.66
2023-11-29,POS,Expenses,Gifts,Bought Christmas gifts for Sean and Vic,55.19
2023-11-29,POS,Expenses,Gifts,Bought Christmas gifts for Rana's family,95.52
2023-12-01,POS,Expenses,Groceries,Groceries - Hy-Vee,67.67
2023-12-01,POS,Expenses,Gifts,Bought Mom and Dad Barbie towel for Christmas,23.3
2023-12-01,POS,Expenses,Gas & Misc.,Gas,50.0
2023-12-01,POS,Expenses,Recreation,Venmo for ticket to the new Hunger Games movie with Rana (Rana Hegg),10.0
2023-12-02,POS,Expenses,Groceries,Groceries - Walmart,5.7
2023-12-02,POS,Expenses,Groceries,Groceries - Walmart,2.38
2023-12-04,DEP,Income,Deposit Other,Deposited cash,20.0
2023-12-04,POS,Expenses,Utilities,Utilities (September),61.98
2023-12-04,POS,Expenses,Rent,Rent (December),350.0
2023-12-04,POS,Expenses,Gifts,National Parks pass for Rana Christmas present,85.0
2023-12-06,POS,Expenses,Recreation,Venmo for bowling (Josh Becker),5.0
2023-12-08,DEP,Income,Deposit ONE,KBR Paycheck,1131.08
2023-12-11,POS,Expenses,Gas & Misc.,gas,50.0
2023-12-11,POS,Expenses,Groceries,Groceries - Walmart,23.29
2023-12-12,POS,Expenses,Other,returned toothpick and Snoopy pillow Christmas gifts,3.08
2023-12-12,DEP,Income,Deposit Other,refund for toothpicks christmas gift,26.54
2023-12-12,POS,Expenses,Dining Out,Went to Culver's,7.49
2023-12-14,POS,Expenses,Education/Training,Bought calendar for my bedroom,10.07
2023-12-15,POS,Expenses,Dining Out,Went to Brewhouse,11.18
2023-12-16,POS,Expenses,Gas & Misc.,Gas,25.0
2023-12-17,POS,Expenses,Gifts,Bought Rana a hat for Christmas,24.42
2023-12-17,POS,Expenses,Gas & Misc.,Bought wrapping paper,10.62
2023-12-18,POS,Expenses,Gas & Misc.,Bought new battery for the 4Runner,204.07
2023-12-18,POS,Expenses,Groceries,Bought soap,29.6
2023-12-19,POS,Expenses,Gifts,Bought Dan Hegg Hobo Day picture for Christmas,11.67
2023-12-20,DEP,Income,Deposit Other,Refund from Amazon for Vic's Christmas gift (Peanuts pillow),21.18
2023-12-22,DEP,Income,Deposit ONE,KBR Paycheck,1045.24
2023-12-22,POS,Expenses,Gifts,Bought Vic's Christmas present,28.19
2023-12-23,POS,Expenses,Groceries,Bought groceries,7.91
2023-12-25,POS,Expenses,Apple Music,Apple Music,6.36
2023-12-26,POS,Expenses,Recreation,Hilton (Park City)(Spring Break),169.17
2023-12-26,POS,Expenses,Student Loans,Student loan payment,815.0
2023-12-27,POS,Expenses,Groceries,Bought groceries on Amazon,20.68
2023-12-28,POS,Expenses,Gifts,Bought white elephant gift for Rana's family Christmas (Bear slippers),24.48
2023-12-28,DEP,Income,Deposit Other,Venmo cashout,30.0
2023-12-28,POS,Expenses,Other,Venmo for Goodrs (Rana Hegg),30.0
2023-12-28,POS,Expenses,Other,Venmo for Goodrs (Rana Hegg),30.0
2023-12-31,POS,Expenses,Recreation,Bought pizza/pop for game night,51.21
2024-01-02,POS,Expenses,Recreation,withdrew money for Jessi Hegg (Montana trip),150.0
2024-01-02,POS,Expenses,Dining Out,Venmo for Tropical Smoothie (Rana Hegg),7.25
2024-01-02,POS,Expenses,Groceries,Bought groceries on Amazon,34.47
2024-01-02,POS,Expenses,Gas & Misc.,Gas,15.0
2024-01-03,POS,Expenses,Haircuts,Haircut,26.12
2024-01-03,DEP,Income,Transfer from Savings,Transfer from Capital One,450.0
2024-01-03,DEP,Income,Deposit Other,SDSGC Scholarship,3000.0
2024-01-03,POS,Expenses,Utilities,Utilities (October),70.0
2024-01-03,POS,Expenses,Rent,Rent (January),350.0
2024-01-04,POS,Expenses,Other,Withdrew money from ATM,40.0
2024-01-05,DEP,Income,Deposit ONE,KBR Paycheck,1430.65
2024-01-06,POS,Expenses,Groceries,Groceries - Hy-Vee,39.0
2024-01-06,POS,Expenses,Groceries,Bought conditioner from Target,10.61
2024-01-06,POS,Expenses,Groceries,Bought produce at Aldi,13.25
2024-01-06,POS,Expenses,Groceries,Groceries - Walmart,38.18
2024-01-06,POS,Expenses,Gas & Misc.,Gas,47.0
2024-01-06,POS,Expenses,Gas & Misc.,Gas,20.0
2024-01-09,POS,Expenses,Dining Out,Went to Culver's,9.32
2024-01-10,POS,Expenses,Education/Training,Bought laptop stand,37.99
2024-01-13,POS,Expenses,Groceries,Groceries - Hy-Vee,32.14
2024-01-13,POS,Expenses,Recreation,Bought targets for gun range,10.6
2024-01-13,POS,Expenses,Recreation,Gun range fee,1.5
2024-01-13,POS,Expenses,Recreation,Gun range fee,16.31
2024-01-15,POS,Expenses,Groceries,Groceries - Walmart,12.49
2024-01-16,POS,Expenses,Recreation,Went to the movies with Rana,10.0
2024-01-16,DEP,Income,Deposit Other,Venmo cashout,4.2
2024-01-16,POS,Expenses,Recreation,Venmo for Poker Night (Brandon Clausen),10.0
2024-01-16,POS,Expenses,Recreation,Venmo for ammo (Ryker Pedde),25.0
2024-01-16,POS,Expenses,Dining Out,Venmo for food (Rana Hegg),10.0
2024-01-16,POS,Expenses,Education/Training,Bought standing desk,191.13
2024-01-16,POS,Expenses,Recreation,Groceries - Walmart,9.5
2024-01-18,POS,Expenses,Groceries,Venmo for cilantro (Rana Hegg),2.0
2024-01-17,POS,Expenses,Dining Out,Went to Culver's,7.8
2024-01-19,POS,Expenses,Dining Out,Went to Cubby's with Lucas Caminiti,17.96
2024-01-19,POS,Expenses,Groceries,Groceries - Walmart,20.96
2024-01-19,DEP,Income,Deposit ONE,KBR Paycheck,1125.48
2024-01-19,POS,Income,Transfer from Savings,Transfer from Capital One,3000.0
2024-01-21,POS,Expenses,Dining Out,Went to Stensland with Rana,15.46
2024-01-23,DEP,Income,Deposit Other,Venmo cashout,11.0
2024-01-23,POS,Expenses,Other,Venmo for Holiday Challenge 2024 (Carrie Klare),10.0
2024-01-23,POS,Expenses,Education/Training,SDSU Tuition and Fees,6679.15
2024-01-24,POS,Expenses,Groceries,Groceries - Walmart,9.21
2024-01-24,DEP,Income,Deposit Other,Partial refund for Hilton (Park City)(Spring Break),1.0
2024-01-25,POS,Expenses,Gas & Misc.,Gas,50.0
2024-01-26,POS,Expenses,Groceries,Groceries - Walmart,8.64
2024-01-26,POS,Expenses,Apple Music,Apple Music,6.36
2024-01-26,DEP,Income,Deposit Other,Wells Fargo Rewards,170.0
2024-01-27,POS,Expenses,Groceries,Groceries - Hy-Vee,7.2
2024-01-27,POS,Expenses,Education/Training,Bought new Laptop,1069.89
2024-01-30,POS,Expenses,Groceries,Groceries - Walmart,7.02
2024-01-31,POS,Expenses,Recreation,Bought tickets to Disturbed concert with Dad,94.16
2024-01-31,POS,Expenses,Gas & Misc.,Gas,50.1
2024-02-01,POS,Expenses,Education/Training,Some campus bill,20.0
2024-02-01,POS,Expenses,Groceries,Venmo for paper towels (Andrew Pick),9.5
2024-02-02,DEP,Income,Deposit ONE,KBR Paycheck,373.0
2024-02-02,POS,Expenses,Rent,Rent (February),350.0
2024-02-05,POS,Expenses,Other,Venmo car wash (Rana Hegg),7.0
2024-02-07,POS,Expenses,Utilities,Utilities (November),94.2
2024-02-07,POS,Expenses,Groceries,Groceries - Walmart,15.31
2024-02-07,POS,Expenses,Groceries,Groceries - Walmart,7.5
2024-02-09,POS,Expenses,Groceries,Groceries - Walmart,8.5
2024-02-10,POS,Expenses,Dining Out,Went to Culver's,3.85
2024-02-10,POS,Expenses,Dining Out,Went to Taco Bell,6.42
2024-02-11,POS,Expenses,Groceries,Groceries - Hy-Vee,4.23
2024-02-11,POS,Expenses,Recreation,Bought snacks for the Super Bowl,24.01
2024-02-12,DEP,Income,Deposit Other,Venmo cashout,16.0
2024-02-12,DEP,Income,Transfer from Other,Transfer from Dad (Super Bowl),50.0
2024-02-12,POS,Expenses,Recreation,Venmo for Super Bowl bet (Caden Lackey),1.0
2024-02-13,POS,Expenses,Gifts,Bought Valentine's Day gift for Rana,28.54
2024-02-13,POS,Expenses,Education/Training,Graduate school application fee (SDSU),93.0
2024-02-16,DEP,Income,Deposit ONE,KBR Paycheck,241.38
2024-02-16,POS,Expenses,Groceries,Groceries - Walmart,21.32
2024-02-20,POS,Expenses,Groceries,Venmo for movie snacks (Rana Hegg),13.0
2024-02-20,POS,Expenses,Groceries,Groceries - Hy-Vee,14.17
2024-02-20,POS,Expenses,Other,Bought fuses for The Nest,20.35
2024-02-23,POS,Expenses,Dining Out,Went to McDonald's,11.98
2024-02-23,POS,Expenses,Recreation,Withdrew money for Flandreau (Andrew Pick),40.0
2024-02-25,POS,Expenses,Apple Music,Apple Music,6.36
2024-02-25,POS,Expenses,Recreation,Bill for Apple TV,10.61
2024-02-26,POS,Expenses,Recreation,Venmo for Flandreau (Andrew Pick),20.0
2024-02-26,POS,Expenses,Recreation,Venmo for Flandreau (Brandon Clausen),20.0
2024-02-26,POS,Expenses,Groceries,Venmo for groceries (Rana Hegg),23.0
2024-02-26,DEP,Income,Deposit Other,Venmo cashout,26.0
2024-02-26,POS,Expenses,Groceries,Bought drink from vending machine,3.25
2024-02-28,DEP,Income,Deposit Other,Venmo from Rana and Andrew for Vegas Hotel,84.08
2024-03-01,POS,Expenses,Dining Out,Buffalo Wild Wings,7.59
2024-03-01,POS,Expenses,Groceries,Bought snacks for the Poker Night,27.39
2024-03-01,DEP,Income,Deposit ONE,KBR Paycheck,642.76
2024-03-01,DEP,Income,Transfer from Savings,Transfer from Capital One,700.0
2024-03-01,POS,Expenses,Dining Out,Venmo for coffee at Kool Beans (Cole Rausch),6.0
2024-03-01,POS,Expenses,Groceries,Venmo for food (Rana Hegg),7.0
2024-03-03,POS,Expenses,Groceries,Sam's Club,22.22
2024-03-04,DEP,Income,Deposit Other,Venmo cashout,10.0
2024-03-04,DEP,Income,Deposit Other,Venmo from Ryker for Vegas Hotel,42.04
2024-03-04,POS,Expenses,Other,Venmo for Poker Night (Nate Notgrass),10.0
2024-03-04,POS,Expenses,Recreation,Venmo for Queso for Eric Brannon's game night (Rana Hegg),5.34
2024-03-04,POS,Expenses,Rent,Rent (March),350.0
2024-03-05,POS,Expenses,Gas & Misc.,Replace brakes on the 4Runner,766.25
2024-03-05,POS,Expenses,Groceries,Groceries - Walmart,5.96
2024-03-06,POS,Expenses,Groceries,Venmo for broccoli (Rana Hegg),3.18
2024-03-07,DEP,Income,Transfer from Other,Tax Return,2439.0
2024-03-08,DEP,Income,Transfer from Savings,Transfer from Capital One,300.0
2024-03-08,POS,Expenses,Groceries,Venmo for spring break groceries (Ryker Pedde),58.0
2024-03-08,POS,Expenses,Recreation,Venmo for Vegas cash (Rana Hegg),200.0
2024-03-08,POS,Expenses,Recreation,Bought Atomic Habits book,20.07
2024-03-11,POS,Expenses,Gas & Misc.,Venmo for gas (Rana Hegg),24.8
2024-03-11,POS,Expenses,Recreation,Ski helmet rental,10.0
2024-03-11,POS,Expenses,Recreation,"Bought stocking cap at Wolf Creek, CO",35.87
2024-03-11,POS,Expenses,Dining Out,"Bought something to eat at Wolf Creek, CO",10.0
2024-03-11,POS,Expenses,Gas & Misc.,Gas,36.0
2024-03-11,POS,Expenses,Groceries,Bought energy drink from gas station,3.01
2024-03-11,POS,Expenses,Recreation,Bought mustache pencil,8.3
2024-03-11,POS,Expenses,Groceries,Vegas groceries at Target,9.71
2024-03-11,POS,Expenses,Groceries,Vegas groceries in Lead,21.24
2024-03-11,POS,Expenses,Gas & Misc.,Gas,36.0
2024-03-11,POS,Expenses,Recreation,Bought coffee,2.37
2024-03-11,POS,Expenses,Gas & Misc.,Gas,42.0
2024-03-12,POS,Expenses,Dining Out,Macy's Coffee shop in Flagstaff,18.51
2024-03-12,POS,Expenses,Gas & Misc.,Gas,44.0
2024-03-12,DEP,Income,Deposit Other,Venmo cashout,196.5
2024-03-12,POS,Expenses,Recreation,Venmo for Motel 6 in Flagstaff (Ryker Pedde),26.68
2024-03-12,POS,Expenses,Recreation,Venmo for Skiing at Wolf Creek (Rana Hegg),256.0
2024-03-13,DEP,Income,Deposit Other,Venmo cashout,29.34
2024-03-13,POS,Expenses,Groceries,Venmo for Vegas groceries (Andrew Pick),23.55
2024-03-14,POS,Expenses,Recreation,Vegas Taxi,16.21
2024-03-14,POS,Expenses,Other,Bought Rana cold medicine,11.69
2024-03-14,POS,Expenses,Recreation,Venmo for Trump car tip (Perry Evangelista),5.0
2024-03-14,POS,Expenses,Recreation,Venmo for Uber ride to Freemont Street (Ryker Pedde),7.64
2024-03-15,DEP,Income,Deposit ONE,John Deere Paycheck,179.54
2024-03-15,DEP,Income,Deposit TWO,KBR Paycheck,241.36
2024-03-15,POS,Expenses,Dining Out,Venmo for Vegas supper (Andrew Pick),48.17
2024-03-15,POS,Expenses,Recreation,Venmo for Arizona Tea (Ryker Pedde),2.25
2024-03-15,POS,Expenses,Gas & Misc.,Venmo for gas (Rana Hegg),10.0
2024-03-15,POS,Expenses,Gas & Misc.,Gas,33.2
2024-03-15,POS,Expenses,Gifts,Bought Dad green chili stuff in ABQ,14.57
2024-03-15,POS,Expenses,Recreation,Bought food at gas station,3.59
2024-03-15,POS,Expenses,Gas & Misc.,Gas,54.0
2024-03-15,POS,Expenses,Groceries,Bought drink from gas station,2.87
2024-03-15,POS,Expenses,Groceries,Bought food at gas station,17.53
2024-03-16,POS,Expenses,Gas & Misc.,Gas,34.02
2024-03-16,POS,Expenses,Gas & Misc.,Gas,26.0
2024-03-16,POS,Expenses,Gas & Misc.,Gas,11.51
2024-03-16,POS,Expenses,Gas & Misc.,Gas,31.0
2024-03-16,POS,Expenses,Dining Out,Went to Stensland with Rana,12.01
2024-03-17,POS,Expenses,Gas & Misc.,Got a car wash,15.93
2024-03-17,POS,Expenses,Groceries,Groceries - Walmart,30.8
2024-03-17,POS,Expenses,Gas & Misc.,Gas,60.0
2024-03-18,POS,Expenses,Gas & Misc.,Venmo for gas (Rana Hegg),24.5
2024-03-18,POS,Expenses,Groceries,Venmo for milk (Rana Hegg),3.2
2024-03-18,DEP,Income,Deposit Other,Venmo cashout,137.78
2024-03-19,POS,Expenses,Gas & Misc.,Vehicle registration 2024,95.71
2024-03-19,POS,Expenses,Education/Training,Graduation cap and gown,79.49
2024-03-19,POS,Expenses,Dining Out,Went to Qdoba with Dad for his birthday,32.23
2024-03-20,POS,Expenses,Dining Out,Went to culver's,6.2
2024-03-20,ACH,Savings,Capital One,Car payment,100.0
2024-03-20,ACH,Savings,Capital One,Transfer to savings,1000.0
2024-03-23,POS,Expenses,Dining Out,Bought coffee,6.65
2024-03-23,POS,Expenses,Gas & Misc.,Gas,50.0
2024-03-24,POS,Expenses,Groceries,Groceries - Hy-Vee,13.0
2024-03-24,POS,Expenses,Groceries,Groceries - Walmart,19.89
2024-03-24,POS,Expenses,Recreation,Bill for Apple TV,10.61
2024-03-24,POS,Expenses,Dining Out,Rana bought sandwhich at Cottonwood,9.62
2024-03-26,POS,Expenses,Apple Music,Apple Music,6.36
2024-03-26,POS,Expenses,Dining Out,Bought coffee,7.18
2024-03-27,POS,Expenses,Groceries,Groceries - Walmart,2.21
2024-03-27,POS,Expenses,Gas & Misc.,Groceries - Walmart,9.76
2024-03-27,POS,Expenses,Fitness,Bought sealant for bike,7.43
2024-03-28,DEP,Income,Deposit TWO,KBR Paycheck,801.52
2024-03-28,DEP,Income,Deposit ONE,John Deere Paycheck,378.76
2024-03-29,POS,Expenses,Fitness,Bought Garmin Forerunner 965,637.19
2024-03-29,POS,Expenses,Gas & Misc.,Gas,50.0
2024-04-01,POS,Expenses,Gas & Misc.,Gas,20.0
2024-04-02,POS,Expenses,Fitness,Bought new bike tires,148.66
2024-04-02,DEP,Income,Deposit Other,Venmo cashout,90.0
2024-04-02,POS,Expenses,Gas & Misc.,Gas,49.96
2024-04-02,POS,Expenses,Fitness,Tubless tire install,26.55
2024-04-03,POS,Expenses,Dining Out,Bought cookie,1.66
2024-04-03,POS,Expenses,Groceries,Groceries - Hy-Vee,20.0
2024-04-03,POS,Expenses,Dining Out,Got lunch with Mom,26.21
2024-04-03,POS,Expenses,Health Care,Chiropractor,30.0
2024-04-03,POS,Expenses,Utilities,Utilities (January),127.47
2024-04-03,POS,Expenses,Rent,Rent (April),350.0
2024-04-04,DEP,Income,Deposit Other,Deposited cash,100.0
2024-04-04,DEP,Income,Deposit Other,Wells Fargo Rewards,50.0
2024-04-04,POS,Expenses,Utilities,Utilities (December),95.41
2024-04-04,POS,Expenses,Groceries,Groceries - Walmart,6.61
2024-04-04,POS,Expenses,Dining Out,Went to Qdoba,13.72
2024-04-05,DEP,Income,Deposit Other,Venmo cashout,8.0
2024-04-05,POS,Expenses,Student Loans,Student loan payment,865.0
2024-04-06,POS,Expenses,Groceries,Bought dessert for Grandma and Grandpa,7.97
2024-04-06,POS,Expenses,Gas & Misc.,Gas,50.0
2024-04-07,POS,Expenses,Groceries,Groceries - Hy-Vee,5.0
2024-04-08,POS,Expenses,Gifts,Bought hockey tickets for Mom's birthday,112.5
2024-04-08,POS,Expenses,Recreation,Venmo for Poker Night (Brandon Clausen),3.0
2024-04-08,POS,Expenses,Recreation,Venmo for poker night (Andrew Pick),7.0
2024-04-09,DEP,Income,Deposit Other,Venmo cashout,12.0
2024-04-09,DEP,Income,Transfer from Other,Transfer from Dad,200.0
2024-04-10,POS,Expenses,Groceries,Groceries - Hy-Vee,17.0
2024-04-10,POS,Expenses,Dining Out,Got a coffee at Kool Beans,6.65
2024-04-10,POS,Expenses,Recreation,Bought soil and seeds with Andrew at Lowes,7.68
2024-04-11,POS,Expenses,Groceries,Groceries - Hy-Vee,44.0
2024-04-11,POS,Expenses,Dining Out,Went to Applebees with Rana,10.57
2024-04-12,POS,Expenses,Gifts,Bought Mom's birthday gift (Menards giftcard),25.0
2024-04-12,POS,Expenses,Groceries,Groceries - Walmart,8.45
2024-04-12,DEP,Income,Deposit TWO,KBR Paycheck,593.88
2024-04-12,ACH,Savings,Capital One,Car payment,100.0
2024-04-12,ACH,Savings,Capital One,Transfer to savings,200.0
2024-04-12,DEP,Income,Deposit Other,Venmo cashout,5.5
2024-04-12,POS,Expenses,Recreation,"Venmo for ""Exploding Kittens' card games (Rana Hegg)",50.0
2024-04-13,POS,Expenses,Recreation,Bought Metallica record,1.05
2024-04-13,POS,Expenses,Gas & Misc.,Gas,20.0
2024-04-13,POS,Expenses,Gas & Misc.,Gas,50.0
2024-04-15,POS,Expenses,Groceries,Groceries - Walmart,8.35
2024-04-15,POS,Expenses,Groceries,Groceries - Walmart,18.88
2024-04-15,POS,Expenses,Groceries,Groceries - Walmart,7.24
2024-04-15,DEP,Income,Deposit ONE,John Deere Paycheck,780.33
2024-04-15,ACH,Savings,Capital One,Car payment,100.0
2024-04-15,POS,Expenses,Student Loans,Student loan payment,251.75
2024-04-15,ACH,Savings,Capital One,Transfer to savings,400.0
2024-04-18,POS,Expenses,Education/Training,Added Hobo Dough,5.0
2024-04-20,POS,Expenses,Gifts,Bought Dad a Bible,16.29
2024-04-20,POS,Expenses,Dining Out,Bought coffee,7.4
2024-04-20,POS,Expenses,Dining Out,Went to Culver's,10.27
2024-04-21,POS,Expenses,Dining Out,Went to Culver's,14.65
2024-04-21,POS,Expenses,Gas & Misc.,Gas,60.0
2024-04-22,POS,Expenses,Recreation,Venmo for Poker Night (Tyler O'Neill),10.0
2024-04-22,POS,Expenses,Dining Out,Got Firehouse Subs with Mom,14.62
2024-04-22,POS,Expenses,Groceries,Bought energy drink from gas station,5.29
2024-04-23,POS,Expenses,Groceries,Groceries - Hy-Vee,13.8
2024-04-24,POS,Expenses,Recreation,Bill for Apple TV,10.61
2024-04-24,POS,Expenses,Groceries,Venmo for groceries (Rana Hegg),20.0
2024-04-25,POS,Expenses,Apple Music,Apple Music,6.36
2024-04-25,POS,Expenses,Dining Out,Got pizza with Dad,52.85
2024-04-26,DEP,Income,Deposit TWO,KBR Paycheck,482.73
2024-04-26,POS,Expenses,Recreation,Bought John Deere stuff,27.06
2024-04-26,POS,Expenses,Groceries,Groceries - Walmart,1.03
2024-04-26,POS,Expenses,Recreation,Bought Imagine Dragons Tickets,219.56
2024-04-27,POS,Expenses,Recreation,Bought Farming Simulator 22,12.59
2024-04-29,POS,Expenses,Groceries,Groceries - Walmart,22.71
2024-04-30,DEP,Income,Deposit ONE,John Deere Paycheck,1378.25
2024-04-30,ACH,Savings,Capital One,Car payment,100.0
2024-04-30,ACH,Savings,Capital One,Transfer to savings,400.0
2024-05-01,POS,Expenses,Groceries,Groceries - Walmart,26.45
2024-05-02,POS,Expenses,Internet,Venmo for internet (2023-2024) (Russell Pierzinski),312.0
2024-05-02,POS,Expenses,Recreation,Venmo for Axe body spray for Will's bedroom (Andrew Pick),7.42
2024-05-02,POS,Expenses,Groceries,Groceries - Walmart,3.3
2024-05-02,POS,Expenses,Gifts,Bought Biesecker gift for helping me with Real Analysis,23.56
2024-05-03,POS,Expenses,Rent,Rent (April),329.65
2024-05-03,POS,Expenses,Groceries,Groceries - Walmart,12.71
2024-05-03,POS,Expenses,Dining Out,Went to Culver's,7.81
2024-05-05,POS,Expenses,Other,Bought new shoes,111.5
2024-05-06,POS,Expenses,Dining Out,Went to Wendy's,4.29
2024-05-06,POS,Expenses,Recreation,Venmo for Farming Simulator surver (Andrew Pick),3.5
2024-05-07,DEP,Income,Transfer from Savings,Transfer from Capital One,3000.0
2024-05-07,POS,Expenses,Utilities,Utilities (Feburary),102.37
2024-05-07,POS,Expenses,Recreation,Venmo for pickleball paddle (Andrew Pick),26.5
2024-05-08,POS,Expenses,Other,Venmo for carabiner (Rana Hegg),3.0
2024-05-08,POS,Expenses,Other,Bought Stillness is The Key book,27.61
2024-05-09,POS,Expenses,Groceries,Groceries - Walmart,1.4
2024-05-09,POS,Expenses,Groceries,Groceries - Walmart,6.8
2024-05-09,POS,Expenses,Education/Training,SDSU Tuition and Fees,2452.7
2024-05-10,DEP,Income,Deposit TWO,KBR Paycheck,701.2
2024-05-10,POS,Expenses,Dining Out,Venmo for Culver's (Andrew Pick),8.5
2024-05-12,DEP,Income,Deposit Other,Refund from Scheels for shoes,111.5
2024-05-12,POS,Expenses,Groceries,Groceries - Target,33.41
2024-05-12,POS,Expenses,Recreation,Bought plant seeds at Lowe's,8.68
2024-05-12,POS,Expenses,Gifts,Bought flowers for Mom for Mother's Day,26.49
2024-05-13,POS,Expenses,Groceries,Groceries - Walmart,31.68
2024-05-13,POS,Expenses,Gas & Misc.,Gas,50.0
2024-05-13,POS,Expenses,Dining Out,Venmo for ice cream cone at Dairy Queen (Andrew Pick),3.0
2024-05-13,ACH,Savings,Capital One,Car payment,100.0
2024-05-13,POS,Expenses,Student Loans,Student loan payment,225.0
2024-05-13,ACH,Savings,Capital One,Transfer to savings,400.0
2024-05-14,POS,Expenses,Health Care,Bought contacts,178.0
2024-05-14,POS,Expenses,Health Care,Co-pay for eye exam,50.0
2024-05-15,POS,Expenses,Gas & Misc.,Oil change,50.96
2024-05-15,DEP,Income,Deposit ONE,John Deere Paycheck,390.17
2024-05-18,POS,Expenses,Other,Buy Stuff for Rana's Mom at Target,81.83
2024-05-18,POS,Expenses,Recreation,Bought plane tickets for Colorado trip,142.08
2024-05-20,DEP,Income,Deposit Other,Venmo cashout,81.83
2024-05-20,POS,Expenses,Dining Out,Venmo for coffee (Rana Hegg),7.0
2024-05-21,POS,Expenses,Gas & Misc.,Gas,10.0
2024-05-21,DEP,Income,Deposit Other,Wells Fargo Rewards,71.59
2024-05-21,DEP,Income,Deposit Other,Venmo cashout,7.0
2024-05-21,POS,Expenses,Groceries,Venmo for groceries (Rana Hegg),10.52
2024-05-22,POS,Expenses,Utilities,Utilities (March),99.73
2024-05-22,POS,Expenses,Other,Bought Rana's Mom Coffee,35.38
2024-05-23,POS,Expenses,Health Care,Bought retainer for sleeping,100.0
2024-05-23,POS,Expenses,Fitness,Bike tune up,226.18
2024-05-23,POS,Expenses,Gas & Misc.,Gas,25.0
2024-05-23,DEP,Income,Deposit Other,Graduation gift from Aunt Amy,100.0
2024-05-23,DEP,Income,Deposit Other,deposit check from Active Junky,52.99
2024-05-24,DEP,Income,Deposit TWO,KBR Paycheck,199.25
2024-05-25,POS,Expenses,Recreation,Bought spinach seeds,3.18
2024-05-26,POS,Expenses,Groceries,Bought tea leaves,11.68
2024-05-26,POS,Expenses,Groceries,Groceries - Sam's Club,24.88
2024-05-26,POS,Expenses,Groceries,Groceries - Costco,33.97
2024-05-27,POS,Expenses,Apple Music,Apple Music,6.36
2024-05-27,POS,Expenses,Gas & Misc.,Car wash,10.0
2024-05-28,DEP,Income,Deposit Other,Venmo cashout,36.0
2024-05-28,POS,Expenses,Gas & Misc.,Front end work on the 4Runner,1720.9
2024-05-28,POS,Expenses,Other,Paid for pizza for backyard pool concrete job,22.5
2024-05-29,POS,Expenses,Gifts,Bought Rana a camera for her birthday/anniversary,115.5
2024-05-30,POS,Expenses,Gifts,Bought memory card for Rana's camera,11.66
2024-05-30,POS,Expenses,Gas & Misc.,Gas,30.0
2024-05-31,DEP,Income,Deposit ONE,John Deere Paycheck,1119.18
2024-05-31,POS,Expenses,Gifts,Shipped Rana's camera to her,121.73
2024-06-01,POS,Expenses,Gas & Misc.,Gas,50.0
2024-06-01,POS,Expenses,Recreation,Bought plane tickets for Colorado trip,87.96
2024-06-02,POS,Expenses,Recreation,Bought Panera with Dad and Ryker,10.16
2024-06-03,ACH,Savings,Capital One,Transfer to savings,1003.0
2024-06-04,DEP,Income,Deposit Other,Deposit check from Avera,239.0
2024-06-04,DEP,Income,Deposit Other,Transfer from Dad,1250.0
2024-06-04,POS,Expenses,Recreation,Venmo for tent (Lucas Caminiti),15.0
2024-06-04,POS,Expenses,Rent,Rent (May 2024),290.0
2024-06-05,POS,Expenses,Health Care,Paid Avera bill,100.0
2024-06-05,POS,Expenses,Recreation,Train ticket (Denver),10.0
2024-06-06,DEP,Income,Deposit Other,Venmo cashout,23.0
2024-06-06,POS,Expenses,Dining Out,Ate lunch with Rana at Kiewit,12.75
2024-06-06,POS,Expenses,Dining Out,Ate at Cheesecake Factory,25.21
2024-06-07,POS,Expenses,Dining Out,Denver coffee place,8.43
2024-06-08,POS,Expenses,Fitness,Strava Premium,42.47
2024-06-08,POS,Expenses,Recreation,Got clothes at Under Armour in Denver,58.38
2024-06-08,POS,Expenses,Recreation,Bought dress clothes in Denver,157.69
2024-06-09,POS,Expenses,Recreation,Bought dress clothes in Denver,135.51
2024-06-09,POS,Expenses,Recreation,Bought new jeans,54.46
2024-06-10,POS,Expenses,Dining Out,Groceries - Costco,13.0
2024-06-10,POS,Expenses,Groceries,Bought stuff at Safeway in Estes,33.84
2024-06-11,POS,Expenses,Recreation,Bought food at gas station,3.58
2024-06-11,POS,Expenses,Dining Out,Venmo for Flower Child in Denver (Rana Hegg),16.15
2024-06-11,POS,Expenses,Other,Transfer to Dad,100.0
2024-06-12,POS,Expenses,Dining Out,Got McDonald's,10.15
2024-06-12,POS,Expenses,Dining Out,Ate at Costco,3.24
2024-06-13,POS,Expenses,Gas & Misc.,Venmo for gas (Lucas Caminiti),14.0
2024-06-14,POS,Expenses,Dining Out,Denver coffee place,8.43
2024-06-14,POS,Expenses,Dining Out,Got McDonald's,7.32
2024-06-14,DEP,Income,Deposit ONE,John Deere Paycheck,1815.79
2024-06-14,POS,Expenses,Gas & Misc.,Venmo for gas (Sarah Turpen),10.0
2024-06-14,POS,Expenses,Recreation,Venmo for Zach Bryan tickets in Denver (Ella Hegg),120.0
2024-06-15,POS,Expenses,Gifts,Bought supplies for cornhole boards,127.51
2024-06-17,DEP,Income,Transfer from Other,Transfer from Dad,100.0
2024-06-17,POS,Expenses,Recreation,Venmo for school help (Brandon Clausen),3.0
2024-06-17,POS,Expenses,Recreation,Withdrew money for guitar,80.0
2024-06-17,POS,Expenses,Groceries,Groceries - Hy-Vee,21.0
2024-06-19,POS,Expenses,Haircuts,Haircut,24.12
2024-06-19,POS,Expenses,Gas & Misc.,Gas,50.0
2024-06-21,POS,Expenses,Education/Training,Chat GPT Premium,21.24
2024-06-21,POS,Expenses,Recreation,Bought guitar strap and kapo,2.49
2024-06-22,POS,Expenses,Groceries,Groceries - Costco,70.06
2024-06-23,POS,Expenses,Groceries,Groceries - County Fair,19.87
2024-06-23,POS,Expenses,Gas & Misc.,Gas,28.0
2024-06-23,POS,Expenses,Groceries,Groceries - Costco,51.77
2024-06-24,POS,Expenses,Other,Bought Phone charger,12.83
2024-06-24,POS,Expenses,Gas & Misc.,Gas,66.5
2024-06-24,POS,Expenses,Fitness,Bought bike pump (returned),21.36
2024-06-24,POS,Expenses,Fitness,Bought bike pump,37.41
2024-06-24,DEP,Income,Deposit Other,Refund from Walmart for bike pump,21.36
2024-06-24,POS,Expenses,Dining Out,Ate at Raising Canes,11.33
2024-06-24,POS,Expenses,Utilities,Utilities (April),78.43
2024-06-25,DEP,Income,Transfer from Savings,Transfer from Capital One,300.0
2024-06-25,POS,Expenses,Recreation,Venmo for Zach Bryan tickets in Grand Forks (Andrew Pick),250.0
2024-06-25,POS,Expenses,Apple Music,Apple Music,6.36
2024-06-25,POS,Expenses,Dining Out,Ate at John Deere Caf,11.85
2024-06-26,POS,Expenses,Other,Parking meter in Des Moines,1.78
2024-06-26,POS,Expenses,Dining Out,Venmo for Pancheros (Nathan Roberts),12.0
2024-06-26,POS,Expenses,Dining Out,Went to Dunkin' Donuts,6.96
2024-06-27,POS,Expenses,Dining Out,Ate at Jimmy John's,11.75
2024-06-27,POS,Expenses,Other,Parking meter in Des Moines,2.93
2024-06-28,POS,Expenses,Dining Out,Ate at Tasty Tacos,14.93
2024-06-28,POS,Expenses,Gas & Misc.,Gas,72.0
2024-06-28,POS,Expenses,Other,Hotel for John Deere visit,403.2
2024-06-28,POS,Expenses,Dining Out,Ate at John Deere Caf,9.13
2024-06-28,DEP,Income,Deposit ONE,John Deere Paycheck,929.99
2024-06-30,POS,Expenses,Dining Out,Went to Dairy Queen,5.67
2024-06-30,POS,Expenses,Groceries,Vitamins,22.0
2024-06-30,POS,Expenses,Recreation,Bought Dad Arnold Palmer,2.74
2024-07-03,POS,Expenses,Rent,Rent (June 2024),290.0
2024-07-03,POS,Expenses,Groceries,Groceries - Walmart,24.84
2024-07-05,POS,Expenses,Recreation,Got coffee,5.56
2024-07-08,DEP,Income,Deposit Other,Venmo cashout,13.0
2024-07-08,POS,Expenses,Recreation,Venmo for Denver Train (Rana Hegg),10.0
2024-07-09,DEP,Income,Transfer from Savings,Transfer from Capital One,800.0
2024-07-10,DEP,Income,Deposit Other,Venmo cashout,10.0
2024-07-10,POS,Expenses,Dining Out,Venmo for PF Changs (Rana Hegg),15.52
2024-07-11,POS,Expenses,Groceries,Groceries - Target,9.51
2024-07-11,POS,Expenses,Groceries,Groceries - Target,18.56
2024-07-11,POS,Expenses,Other,Train ticket (Denver),10.0
2024-07-11,POS,Expenses,Fitness,Bought water bladder and shoes at REI,233.96
2024-07-11,POS,Expenses,Recreation,Denver coffee place,8.34
2024-07-12,POS,Expenses,Recreation,Bought bear spray,32.5
2024-07-13,POS,Expenses,Recreation,Bought granola bar in Twin Lakes,1.91
2024-07-14,POS,Expenses,Dining Out,Grabbed food in Aspen with Rana,47.84
2024-07-14,POS,Expenses,Recreation,Bought sparkling water,3.2
2024-07-15,POS,Expenses,Dining Out,Went to In N Out Burger,6.5
2024-07-15,POS,Expenses,Dining Out,Went to Tropical Smoothie,24.86
2024-07-15,DEP,Income,Deposit ONE,John Deere Paycheck,2593.12
2024-07-15,POS,Expenses,Groceries,Venmo for hiking groceries (Lucas Caminiti),30.0
2024-07-16,DEP,Income,Deposit Other,Venmo cashout,50.52
2024-07-16,POS,Expenses,Dining Out,Went to Chipotle,10.32
2024-07-16,POS,Expenses,Recreation,Parking meter in Denver,4.0
2024-07-16,POS,Expenses,Recreation,Denver coffee place,8.34
2024-07-17,POS,Expenses,Recreation,Venmo for food (Rana Hegg),20.0
2024-07-17,ACH,Savings,Capital One,Transfer to savings,2300.0
2024-07-17,POS,Expenses,Dining Out,Went to McDonald's,5.5
2024-07-19,POS,Expenses,Recreation,Scooter ride in Colorado Springs,4.46
2024-07-19,POS,Expenses,Fitness,Bought Shokz headphones,132.7
2024-07-19,POS,Expenses,Gas & Misc.,Gas,66.0
2024-07-19,POS,Expenses,Recreation,Bought guitar picks,9.0
2024-07-20,POS,Expenses,Groceries,Groceries - Walmart,11.84
2024-07-20,POS,Expenses,Dining Out,Went to Tropical Smoothie,6.96
2024-07-20,POS,Expenses,Dining Out,Went to McDonald's,3.22
2024-07-20,POS,Expenses,Dining Out,Went to McDonald's,10.71
2024-07-20,POS,Expenses,Recreation,Went golfing with Andrew and Tyler,38.07
2024-07-21,POS,Expenses,Education/Training,Chat GPT Premium,21.24
2024-07-22,POS,Expenses,Recreation,Bought Bose headphones,243.2
2024-07-22,POS,Expenses,Dining Out,Venmo for Applebees (Andrew Pick),15.0
2024-07-23,POS,Expenses,Other,Bought Andrew new Goodrs,33.97
2024-07-25,POS,Expenses,Apple Music,Apple Music,6.36
2024-07-28,POS,Expenses,Dining Out,Bought lunch for Mom and Dad,41.27
2024-07-29,POS,Expenses,Groceries,Bought sparkling water,2.43
2024-07-29,POS,Expenses,Gas & Misc.,Gas,50.0
2024-07-30,POS,Expenses,Groceries,Groceries - Walmart,14.23
2024-07-30,POS,Expenses,Education/Training,Bought Defining Decade book,13.67
2024-07-31,DEP,Income,Deposit ONE,John Deere Paycheck,4645.5
2024-07-31,POS,Expenses,Groceries,Venmo for pizza rolls (Andrew Pick),3.01
2024-07-31,POS,Expenses,Groceries,Groceries - County Fair,1.77
2024-07-31,POS,Expenses,Recreation,Bought smoothie,7.68
2024-08-01,ACH,Savings,Capital One,Transfer to savings,3583.41
2024-08-03,POS,Expenses,Education/Training,LinkedIn Premium,42.47
2024-08-03,POS,Expenses,Groceries,Groceries - County Fair,8.9
2024-08-03,POS,Expenses,Groceries,Groceries - County Fair,4.02
2024-08-03,POS,Expenses,Groceries,Groceries - County Fair,10.7
2024-08-03,POS,Expenses,Groceries,Groceries - County Fair,19.4
2024-08-06,POS,Expenses,Recreation,Got pizza at Wooden Legs,19.67
2024-08-07,POS,Expenses,Gas & Misc.,Gas,15.0
2024-08-08,POS,Expenses,Recreation,Bought Flo Rida tickets,140.0
2024-08-08,POS,Expenses,Dining Out,Went to McDonald's,5.35
2024-08-09,DEP,Income,Transfer from Other,Transfer from Dad,120.0
2024-08-09,POS,Expenses,Rent,Rent (July 2024),290.0
2024-08-10,POS,Expenses,Dining Out,Ate at Taco John's,7.5
2024-08-10,POS,Expenses,Gas & Misc.,Oil change,50.96
2024-08-10,POS,Expenses,Other,Bought navy blue suit,318.59
2024-08-10,POS,Expenses,Gas & Misc.,Gas,50.0
2024-08-11,POS,Expenses,Gas & Misc.,Gas,47.0
2024-08-11,POS,Expenses,Dining Out,Bought food at gas station,6.88
2024-08-11,POS,Expenses,Dining Out,Bought food at gas station,6.19
2024-08-11,POS,Expenses,Dining Out,Ate at Taco Bell,12.82
2024-08-11,POS,Expenses,Gas & Misc.,Gas,53.25
2024-08-12,POS,Expenses,Recreation,Bought Iowa State Fair Cookie bucket for team meeting,20.0
2024-08-12,POS,Expenses,Dining Out,Bought food at Iowa State Fair,16.0
2024-08-12,POS,Expenses,Dining Out,Bought food at Iowa State Fair,8.0
2024-08-12,POS,Expenses,Dining Out,Bought food at Iowa State Fair,12.0
2024-08-12,POS,Expenses,Dining Out,Bought food at Iowa State Fair,10.0
2024-08-12,POS,Expenses,Dining Out,Ate at John Deere Caf,4.23
2024-08-12,POS,Expenses,Recreation,Withdrew money for visiting Brandon,45.0
2024-08-12,POS,Expenses,Recreation,Non-Wells Fargo ATM fee,2.5
2024-08-13,POS,Expenses,Dining Out,Bought Arnold Palmer in Des Moines,9.36
2024-08-14,POS,Expenses,Recreation,Bought Motley Crue tickets,65.0
2024-08-14,POS,Expenses,Dining Out,Ate at Big Grove in Des Moines with team,34.28
2024-08-14,POS,Expenses,Dining Out,Ate at Jimmy John's,13.62
2024-08-14,POS,Expenses,Dining Out,Got Starbucks,9.47
2024-08-14,POS,Expenses,Recreation,Parking meter,0.25
2024-08-14,POS,Expenses,Dining Out,Ate at John Deere Caf,8.38
2024-08-15,POS,Expenses,Dining Out,Ate at Blaze Pizza,19.04
2024-08-15,POS,Expenses,Dining Out,Got Starbucks,7.05
2024-08-15,POS,Expenses,Dining Out,Ate at John Deere Caf,12.44
2024-08-15,DEP,Income,Deposit ONE,John Deere Paycheck,929.99
2024-08-16,POS,Expenses,Dining Out,Got Starbucks,5.23
2024-08-16,POS,Expenses,Dining Out,Went to Freddy's with Jeremy,8.0
2024-08-16,POS,Expenses,Dining Out,Went to Freddy's with Jeremy,5.0
2024-08-16,POS,Expenses,Gas & Misc.,Gas,55.0
2024-08-16,POS,Expenses,Other,Hotel for John Deere visit,403.2
2024-08-16,POS,Expenses,Dining Out,Went to Culver's,11.01
2024-08-16,POS,Expenses,Dining Out,Ate at John Deere Caf,5.83
2024-08-18,POS,Expenses,Recreation,Bought stuff at the Metallica pop-up shop,92.26
2024-08-18,POS,Expenses,Dining Out,Bought burgers at U.S. Bank Stadium for Metallica concert,45.98
2024-08-18,POS,Expenses,Recreation,Paid for parking at Metallica concert,60.0
2024-08-18,POS,Expenses,Recreation,Paid for parking at Metallica concert,5.45
2024-08-18,POS,Expenses,Recreation,Paid for parking at Green Day concert,20.0
2024-08-19,POS,Expenses,Recreation,Hotel for Minneapolis trip with Mom and Dad,321.88
2024-08-19,POS,Expenses,Groceries,Groceries - Costco,215.64
2024-08-19,POS,Expenses,Gifts,Withdrew money for Sean's Christmas present,22.95
2024-08-19,POS,Expenses,Other,Non-Wells Fargo ATM fee,2.5
2024-08-20,POS,Expenses,Gifts,Bought Rana birthday present (Scheels gift card),90.88
2024-08-21,POS,Expenses,Groceries,Groceries - Walmart,10.73
2024-08-21,POS,Expenses,Groceries,Groceries - Walmart,35.95
2024-08-21,POS,Expenses,Education/Training,Chat GPT Premium,21.24
2024-08-21,POS,Expenses,Recreation,Went to Kool Beans,5.29
2024-08-22,POS,Expenses,Gas & Misc.,Gas,65.0
2024-08-22,POS,Expenses,Groceries,Groceries - Walmart,11.14
2024-08-23,POS,Expenses,Groceries,Groceries - Amazon,179.51
2024-08-24,POS,Expenses,Groceries,Bought new fuses and batteries,30.74
2024-08-24,POS,Expenses,Groceries,Groceries - Hy-Vee,20.0
2024-08-24,POS,Expenses,Recreation,Bought new parts for guitar,95.57
2024-08-25,POS,Expenses,Dining Out,Got ice cream,15.94
2024-08-25,POS,Expenses,Apple Music,Apple Music,6.36
2024-08-26,POS,Expenses,Other,Bought God Speed hat for Rana,50.0
2024-08-26,POS,Expenses,Dining Out,Bought food at gas station,6.62
2024-08-26,POS,Expenses,Dining Out,Ate at Taco Bell,7.46
2024-08-26,DEP,Income,Transfer from Other,Transfer from Dad,800.0
2024-08-27,DEP,Income,Deposit Other,Venmo cashout,45.0
2024-08-27,POS,Expenses,Gas & Misc.,Venmo for gas (Ryker Pedde),20.0
2024-08-27,POS,Expenses,Education/Training,McAffee antivirus protection,47.78
2024-08-27,POS,Expenses,Dining Out,Bought food at gas station,7.4
2024-08-28,DEP,Income,Deposit Other,Venmo cashout,10.0
2024-08-28,POS,Expenses,Groceries,Venmo for protien powder (Andrew Pick),38.12
2024-08-29,POS,Expenses,Groceries,Groceries - Hy-Vee,20.0
2024-08-29,POS,Expenses,Groceries,Groceries - Walmart,7.18
2024-08-29,POS,Expenses,Dining Out,Got coffee,7.35
2024-08-29,POS,Expenses,Dining Out,Wooden Legs,2.07
2024-08-30,DEP,Income,Deposit ONE,John Deere Paycheck,2593.12
2024-08-30,ACH,Savings,Capital One,Car payment,100.0
2024-08-30,ACH,Savings,Capital One,Transfer to savings,1000.0
2024-08-30,POS,Expenses,Groceries,Groceries - Walmart,40.71
2024-08-31,POS,Expenses,Groceries,Groceries - County Fair,30.59
2024-08-31,POS,Expenses,Gas & Misc.,Gas,60.0
2024-09-01,POS,Expenses,Dining Out,Got ice cream,11.23
2024-09-01,POS,Expenses,Recreation,Paid for guitar repair,53.08
2024-09-01,POS,Expenses,Recreation,Bought guitar amp,195.0
2024-09-02,POS,Expenses,Groceries,Groceries - Hy-Vee,4.0
2024-09-02,POS,Expenses,Recreation,Bought stuff at T.J. Maxx,60.5
2024-09-02,POS,Expenses,Groceries,Groceries - Walmart,5.28
2024-09-02,POS,Expenses,Education/Training,Bought book for class,63.0
2024-09-03,POS,Expenses,Recreation,Ultimate Guitar Subscription,74.99
2024-09-03,POS,Expenses,Groceries,Groceries - Hy-Vee,17.0
2024-09-04,POS,Expenses,Dining Out,Went to Culver's,7.05
2024-09-04,DEP,Income,Transfer from Savings,Transfer from savings,5000.0
2024-09-05,DEP,Income,Transfer from Other,Venmo cashout,0.52
2024-09-05,POS,Expenses,Rent,Rent (August 2024),290.0
2024-09-05,POS,Expenses,Dining Out,Got coffee,6.38
2024-09-06,POS,Expenses,Education/Training,SDSU Tuition and Fees,2072.75
2024-09-07,POS,Expenses,Groceries,Bought energy drink from gas station,2.96
2024-09-07,POS,Expenses,Gas & Misc.,Gas,50.0
2024-09-08,POS,Expenses,Groceries,Groceries - Walmart,17.49
2024-09-08,POS,Expenses,Recreation,Ultimate Guitar Subscription,21.23
2024-09-10,POS,Expenses,Groceries,Propane refill,26.54
2024-09-10,POS,Expenses,Groceries,Groceries - Walmart,23.56
2024-09-10,POS,Expenses,Dining Out,Went to Tropical Smoothie,20.22
2024-09-11,POS,Expenses,Groceries,Groceries - Walmart,21.3
2024-09-11,ACH,Savings,Capital One,Transfer to savings,2900.0
2024-09-12,POS,Expenses,Dining Out,Got coffee,3.94
2024-09-12,POS,Expenses,Dining Out,Went to Culver's,7.8
2024-09-13,DEP,Income,Deposit ONE,John Deere Paycheck,2641.69
2024-09-15,POS,Expenses,Other,Bought Andrew Guitar cable,27.6
2024-09-15,POS,Expenses,Gas & Misc.,Gas,50.0
2024-09-15,POS,Expenses,Recreation,Bought guitar amp,113.62
2024-09-16,POS,Expenses,Dining Out,Got ice cream,13.3
2024-09-16,POS,Expenses,Groceries,Groceries - Walmart,19.63
2024-09-16,POS,Expenses,Other,Venmo for Augie football game ticket (Rana Hegg),5.0
2024-09-16,POS,Expenses,Dining Out,Venmo for Culver's (Andrew Pick),10.0
2024-09-16,POS,Expenses,Dining Out,Venmo for Wooden Legs (Andrew Pick),9.0
2024-09-16,DEP,Income,Deposit Other,Venmo cashout,5.02
2024-09-16,DEP,Income,Deposit Other,Venmo cashout,28.0
2024-09-16,POS,Expenses,Groceries,Venmo for groceries (Andrew Pick),13.0
2024-09-17,ACH,Savings,Capital One,Transfer to savings,1500.0
2024-09-17,ACH,Savings,Capital One,Car payment,100.0
2024-09-19,DEP,Income,Deposit Other,Refund from Ultimate Guitar,74.99
2024-09-19,POS,Expenses,Groceries,Groceries - Hy-Vee,6.0
2024-09-19,POS,Expenses,Recreation,Bought stuff at T.J. Maxx,21.22
2024-09-19,POS,Expenses,Dining Out,Went to Tropical Smoothie,14.33
2024-09-20,POS,Expenses,Groceries,Venmo for groceries (Rana Hegg),12.0
2024-09-21,POS,Expenses,Education/Training,Chat GPT Premium,21.24
2024-09-21,POS,Expenses,Dining Out,Went to Qdoba,6.38
2024-09-22,POS,Expenses,Gas & Misc.,Got a car wash,7.43
2024-09-22,POS,Expenses,Groceries,Groceries - Hy-Vee,7.0
2024-09-22,POS,Expenses,Other,Bought fuses at Lowes,7.41
2024-09-23,POS,Expenses,Groceries,Groceries - Hy-Vee,8.0
2024-09-23,POS,Expenses,Health Care,Chiropractor,30.0
2024-09-23,POS,Expenses,Groceries,Venmo for raspberries (Rana Hegg),3.0
2024-09-24,POS,Expenses,Groceries,Venmo for groceries (Andrew Pick),5.5
2024-09-24,POS,Expenses,Recreation,Withdrew money,40.0
2024-09-24,POS,Expenses,Haircuts,Haircut,23.67
2024-09-24,POS,Expenses,Groceries,Groceries - Walmart,29.35
2024-09-25,POS,Expenses,Groceries,Groceries - Walmart,49.08
2024-09-25,POS,Expenses,Apple Music,Apple Music,6.36
2024-09-25,POS,Expenses,Other,Bought drill bits at Lowes,9.54
2024-09-26,POS,Expenses,Groceries,Groceries - Walmart,5.69
2024-09-26,POS,Expenses,Groceries,Groceries - Walmart,14.5
2024-09-26,POS,Expenses,Fitness,Bought new running shoes,169.92
2024-09-26,POS,Expenses,Dining Out,Went to Applebees with Rana,46.26
2024-09-26,POS,Expenses,Groceries,Venmo for raspberries (Andrew Pick),3.0
2024-09-27,DEP,Income,Deposit Other,Venmo cashout,49.7
2024-09-27,POS,Expenses,Utilities,Utilities (June 2024),92.0
2024-09-27,POS,Expenses,Utilities,Utilities (July 2024),98.0
2024-09-27,POS,Expenses,Groceries,Venmo for groceries (Rana Hegg),9.0
2024-09-27,POS,Expenses,Dining Out,Got coffee,6.65
2024-09-27,POS,Expenses,Dining Out,Went to Tropical Smoothie,4.28
2024-09-28,POS,Expenses,Recreation,Bought Theo Von tickets,107.55
2024-09-28,POS,Expenses,Dining Out,Went to Subway,13.5
2024-09-28,POS,Expenses,Education/Training,Datacamp Subscription,149.0
2024-09-29,POS,Expenses,Dining Out,Went to Arby's,5.36
2024-09-29,POS,Expenses,Groceries,Groceries - Walmart,3.87
2024-09-29,POS,Expenses,Groceries,Groceries - Walmart,18.22
2024-09-29,POS,Expenses,Dining Out,Got breakfast with Dad,39.57
2024-09-30,POS,Expenses,Dining Out,Got coffee,6.38
2024-09-30,DEP,Income,Deposit ONE,John Deere Paycheck,946.68
2024-09-30,DEP,Income,Deposit Other,Venmo cashout,60.75
2024-09-30,ACH,Savings,Capital One,Transfer to savings,300.0
2024-10-01,POS,Expenses,Groceries,Groceries - Hy-Vee,16.0
2024-10-02,POS,Expenses,Dining Out,Went to Culver's,7.81
2024-10-03,DEP,Income,Deposit Other,Refund for Datacamp subscription,149.0
2024-10-04,POS,Expenses,Groceries,Groceries - Hy-Vee,22.0
2024-10-04,POS,Expenses,Fitness,Bought sealant for bike,7.43
2024-10-04,POS,Expenses,Rent,Rent (September 2024),259.26
2024-10-05,POS,Expenses,Dining Out,Went to Capriottis,8.89
2024-10-05,POS,Expenses,Gas & Misc.,Gas,50.0
2024-10-06,POS,Expenses,Groceries,Groceries - Hy-Vee,4.0
2024-10-06,POS,Expenses,Recreation,Bought new phone screen protector,21.24
2024-10-07,POS,Expenses,Dining Out,Went to Tropical Smoothie,10.38
2024-10-07,DEP,Income,Deposit Other,Wells Fargo Rewards,200.0
2024-10-07,DEP,Income,Deposit Other,Venmo cashout,7.04
2024-10-07,POS,Expenses,Groceries,Venmo for groceries (Rana Hegg),20.0
2024-10-07,POS,Expenses,Groceries,Venmo for Sioux City Sarsaparilla (Andrew Pick),1.5
2024-10-08,DEP,Income,Transfer from Other,Transfer from Dad (purchasing R2 (2019 Toyota 4Runner)),5000.0
2024-10-08,DEP,Income,Transfer from Savings,Transfer from Capital One,6000.0
2024-10-08,POS,Expenses,Dining Out,Went to Culver's,4.81
2024-10-09,DEP,Income,Transfer from Other,Transfer from Dad (Colorado Trip & Grandparents Anniversary),500.0
2024-10-09,POS,Expenses,Utilities,Utilities (August 2024),85.18
2024-10-10,DEP,Income,Deposit Other,Venmo cashout,6.75
2024-10-10,POS,Expenses,Car Payment,Cashier's check for purchasing R2 (2019 Toyota 4Runner),10010.0
2024-10-11,POS,Expenses,Recreation,Get cash for Not.Green Day concert,22.0
2024-10-11,POS,Expenses,Recreation,ATM Fee,3.0
2024-10-11,POS,Expenses,Gas & Misc.,Gas,30.0
2024-10-11,POS,Expenses,Groceries,Groceries - Walmart,7.31
2024-10-11,POS,Expenses,Gas & Misc.,Gas,53.18
2024-10-12,POS,Expenses,Groceries,Groceries - Walmart,11.17
2024-10-12,POS,Expenses,Gas & Misc.,Gas,50.0
2024-10-12,POS,Expenses,Dining Out,Went to McDonald's,2.99
2024-10-12,POS,Expenses,Gas & Misc.,Gas,43.05
2024-10-13,POS,Expenses,Groceries,Groceries - Walmart,20.55
2024-10-13,POS,Expenses,Gas & Misc.,Gas,17.99
2024-10-13,POS,Expenses,Fitness,Bought bike tool (hex key set),18.0
2024-10-13,POS,Expenses,Recreation,Bought bear spray,34.99
2024-10-13,POS,Expenses,Groceries,Bought food at gas station,4.5
2024-10-14,POS,Expenses,Gas & Misc.,Gas,30.0
2024-10-14,POS,Expenses,Dining Out,Got coffee,16.8
2024-10-14,POS,Expenses,Fitness,B Well Hot Yoga,8.5
2024-10-14,POS,Expenses,Groceries,Groceries - Walmart,25.41
2024-10-14,POS,Expenses,Groceries,Groceries - Walmart,1.88
2024-10-14,POS,Expenses,Dining Out,Got coffee,7.5
2024-10-15,POS,Expenses,Dining Out,Went to Wendy's,10.09
2024-10-15,POS,Expenses,Dining Out,Got coffee,6.5
2024-10-15,POS,Expenses,Gas & Misc.,Gas,60.0
2024-10-15,DEP,Income,Deposit ONE,John Deere Paycheck,1113.62
2024-10-16,POS,Expenses,Gas & Misc.,Gas,50.0
2024-10-16,POS,Expenses,Gas & Misc.,Gas,29.58
2024-10-16,POS,Expenses,Dining Out,Went to Burger King,5.71
2024-10-16,POS,Expenses,Gas & Misc.,Gas,30.0
2024-10-17,POS,Expenses,Gifts,"Bought Rana Chocolate from Boulder, CO",44.44
2024-10-17,POS,Expenses,Dining Out,Ate at Costco,3.24
2024-10-18,POS,Expenses,Gas & Misc.,Gas,40.0
2024-10-18,POS,Expenses,Dining Out,Went to In N Out Burger,10.62
2024-10-18,POS,Expenses,Recreation,Bought CSU track uniforms,43.22
2024-10-18,POS,Expenses,Dining Out,Venmo for Rolling Smoke in Denver (Lucas Caminiti),58.0
2024-10-19,POS,Expenses,Recreation,Bought frolf disc,10.81
2024-10-19,POS,Expenses,Gifts,Bought gag gift for family Christmas,32.01
2024-10-19,POS,Expenses,Gas & Misc.,Gas,54.0
2024-10-20,POS,Expenses,Gas & Misc.,Gas,50.0
2024-10-20,POS,Expenses,Gas & Misc.,Gas,21.0
2024-10-20,POS,Expenses,Gas & Misc.,Gas,12.7
2024-10-21,POS,Expenses,Education/Training,Chat GPT Premium,21.24
2024-10-23,POS,Expenses,Recreation,Bought stuff at T.J. Maxx,14.84
2024-10-23,POS,Expenses,Groceries,Groceries - Walmart,46.63
2024-10-24,POS,Expenses,Groceries,Groceries - Hy-Vee,23.37
2024-10-24,POS,Expenses,Groceries,Venmo for groceries (Rana Hegg),17.0
2024-10-25,ACH,Savings,Capital One,Transfer to savings,1000.0
2024-10-25,POS,Expenses,Recreation,Bought pumpkins at Runnings,10.62
2024-10-25,POS,Expenses,Groceries,Groceries - Walmart,10.56
2024-10-25,POS,Expenses,Apple Music,Apple Music,6.36
2024-10-25,POS,Expenses,Recreation,Bought Halloween costumes,32.9
2024-10-26,POS,Expenses,Groceries,Groceries - Walmart,16.78
2024-10-28,POS,Expenses,Gas & Misc.,Plates and registration for R2 (2019 Toyota 4Runner),1743.73
2024-10-28,POS,Expenses,Gas & Misc.,Gas,50.0
2024-10-28,DEP,Income,Deposit Other,Venmo cashout,40.56
2024-10-28,POS,Expenses,Recreation,Venmo for Poker Night (Elizabeth Weber),10.0
2024-10-29,POS,Expenses,Education/Training,"Venmo for Praying Like Monks, Living Like Fools (Gracepoint Church)",5.0
2024-10-29,POS,Expenses,Dining Out,Venmo for Tropical Smoothie (Rana Hegg),5.0
2024-10-29,POS,Expenses,Dining Out,Venmo for Tropical Smoothie (Rana Hegg),0.99
2024-10-29,POS,Expenses,Recreation,Took small group bowling,47.0
2024-10-30,POS,Expenses,Groceries,Groceries - Walmart,30.39
2024-10-30,POS,Expenses,Dining Out,Went to Culver's,15.31
2024-10-31,POS,Expenses,Groceries,Groceries - Costco,41.91
2024-10-31,DEP,Income,Deposit ONE,John Deere Paycheck,1608.86
2024-10-31,DEP,Income,Deposit Other,Venmo cashout,5.98
2024-10-31,POS,Expenses,Dining Out,Venmo for Tropical Smoothie (Ryker Pedde),8.0
2024-10-31,POS,Expenses,Recreation,Venmo for haunted house (Rana Hegg),13.0
2024-10-31,POS,Expenses,Dining Out,Went to Qdoba,13.83
2024-10-31,POS,Expenses,Dining Out,Went to Qdoba,13.83
2024-11-01,DEP,Income,Deposit Other,Venmo cashout,56.0
2024-11-02,POS,Expenses,Dining Out,Went to Kool Beans,6.35
2024-11-03,POS,Expenses,Groceries,Groceries - Walmart,7.22
2024-11-03,POS,Expenses,Other,Bought Cups for Grandparent's 50th anniversary party,4.25
2024-11-04,ACH,Income,Transfer from Savings,Transfer from Capital One,1000.0
2024-11-04,POS,Expenses,Car Payment,Car Payment (November 2024),1009.0
2024-11-05,ACH,Income,Transfer from Savings,Transfer from Capital One,1000.0
2024-11-05,POS,Expenses,Rent,Rent (October 2024),290.0
2024-11-05,POS,Expenses,Groceries,Groceries - Walmart,5.06
2024-11-06,POS,Expenses,Dining Out,Went to Kool Beans,7.79
2024-11-07,POS,Expenses,Groceries,Groceries - Hy-Vee,9.0
2024-11-07,POS,Expenses,Groceries,Groceries - Hy-Vee,4.0
2024-11-07,POS,Expenses,Recreation,Bought stuff at T.J. Maxx,24.17
2024-11-07,POS,Expenses,Dining Out,Went to Kool Beans,4.21
2024-11-07,POS,Expenses,Utilities,Utilities (October 2024),90.75
2024-11-07,POS,Expenses,Gas & Misc.,Transfer to Dad for car insurance,731.0
2024-11-09,POS,Expenses,Dining Out,Bought food at gas station,11.74
2024-11-09,POS,Expenses,Fitness,B Well Hot Yoga,15.93
2024-11-09,POS,Expenses,Gas & Misc.,Gas,55.64
2024-11-09,POS,Expenses,Gas & Misc.,Gas,50.0
2024-11-10,POS,Expenses,Gas & Misc.,Gas,58.85
2024-11-10,POS,Expenses,Recreation,Bought stuff at T.J. Maxx,74.33
2024-11-10,POS,Expenses,Groceries,Groceries - Costco,23.35
2024-11-12,POS,Expenses,Gas & Misc.,Gas,15.0
2024-11-12,POS,Expenses,Gas & Misc.,Oil change,105.11
2024-11-13,POS,Expenses,Groceries,Groceries - Walmart,56.71
2024-11-15,POS,Expenses,Health Care,Got medicine,21.23
2024-11-15,POS,Expenses,Health Care,Got medicine,1.88
2024-11-15,POS,Expenses,Health Care,Got medicine,11.67
2024-11-15,POS,Expenses,Groceries,Groceries - Hy-Vee,25.0
2024-11-15,DEP,Income,Deposit ONE,John Deere Paycheck,350.24
2024-11-16,POS,Expenses,Recreation,Went bowling,18.0
2024-11-16,POS,Expenses,Dining Out,Went to Kool Beans,3.71
2024-11-16,POS,Expenses,Gifts,Bought Jessi Hegg Coffee,19.3
2024-11-17,POS,Expenses,Gas & Misc.,Got a car wash,16.99
2024-11-17,POS,Expenses,Groceries,Groceries - Walmart,5.31
2024-11-17,POS,Expenses,Other,Bought socket set at Lowe's,74.32
2024-11-18,POS,Expenses,Gas & Misc.,Gas,50.0
2024-11-19,POS,Expenses,Groceries,Groceries - Walmart,18.27
2024-11-19,DEP,Income,Deposit Other,Wells Fargo Rewards,75.0
2024-11-20,POS,Expenses,Groceries,Groceries - Walmart,33.35
2024-11-20,DEP,Income,Deposit Other,Refund fro Lowe's for socket set,74.32
2024-11-20,POS,Expenses,Dining Out,Went to Culver's,4.81
2024-11-21,POS,Expenses,Education/Training,Chat GPT Premium,21.24
2024-11-21,DEP,Income,Deposit Other,Venmo cashout,34.81
2024-11-21,DEP,Income,Transfer from Savings,Transfer from Capital One,300.0
2024-11-22,POS,Expenses,Groceries,Groceries - Hy-Vee,7.0
2024-11-22,POS,Expenses,Groceries,Groceries - Walmart,6.07
2024-11-22,POS,Expenses,Groceries,Groceries - Walmart,2.53
2024-11-23,POS,Expenses,Gas & Misc.,Got a car wash,28.67
2024-11-23,POS,Expenses,Groceries,Groceries - Target,38.19
2024-11-23,POS,Expenses,Dining Out,Went to Poke Bowls,27.85
2024-11-24,POS,Expenses,Recreation,Bought Charles Wesley Godwin tickets,60.36
2024-11-24,POS,Expenses,Groceries,Groceries - Walmart,1.93
2024-11-24,POS,Expenses,Gas & Misc.,Undercoated R2-D2 (2019 4Runner),318.59
2024-11-25,POS,Expenses,Groceries,Groceries - Hy-Vee,6.0
2024-11-25,POS,Expenses,Apple Music,Apple Music,6.36
2024-11-25,POS,Expenses,Dining Out,Went to Culver's,4.81
2024-11-25,DEP,Income,Deposit Other,Venmo cashout,14.03
2024-11-25,POS,Expenses,Dining Out,Venmo for cookie (Rana Hegg),5.0
2024-11-26,POS,Expenses,Dining Out,Went to Qdoba,11.42
2024-11-26,POS,Expenses,Dining Out,Went to Qdoba,10.67
2024-11-27,POS,Expenses,Recreation,Bought Zach Bryan shirt,64.79
2024-11-27,POS,Expenses,Health Care,Got medicine,3.32
2024-11-27,POS,Expenses,Groceries,Groceries - County Fair,12.67
2024-11-27,POS,Expenses,Gas & Misc.,Gas,50.0
2024-11-27,POS,Expenses,Gas & Misc.,Gas,30.0
2024-11-29,POS,Expenses,Recreation,Bought Ticket To Ride board game,21.23
2024-11-29,POS,Expenses,Gifts,Bought Andrew Christmas present,21.19
2024-11-29,POS,Expenses,Recreation,Bought new shoes,119.45
2024-11-29,POS,Expenses,Gifts,Bought Dad's Christmas gift,127.4
2024-11-29,DEP,Income,Deposit ONE,John Deere Paycheck,1275.3
2024-11-29,DEP,Income,Transfer from Other,Transfer from Dad,350.0
2024-11-30,POS,Expenses,Gifts,Bought Sean's Christmas gift,13.12
2024-12-01,POS,Expenses,Groceries,Groceries - Hy-Vee,38.0
2024-12-01,POS,Expenses,Gas & Misc.,Gas,50.0
2024-12-02,POS,Expenses,Groceries,Groceries - Hy-Vee,16.42
2024-12-02,POS,Expenses,Groceries,Groceries - Walmart,43.83
2024-12-02,POS,Expenses,Dining Out,Got coffee,1.06
2024-12-02,DEP,Income,Deposit Other,Venmo cashout,70.76
2024-12-03,POS,Expenses,Rent,Rent (November 2024),290.0
2024-12-03,POS,Expenses,Recreation,Went to the movies,5.0
2024-12-04,POS,Expenses,Gifts,Bought Mom's Christmas gift,418.35
2024-12-04,POS,Expenses,Gas & Misc.,Gas,50.0
2024-12-05,POS,Expenses,Dining Out,Went to Panera,36.81
2024-12-05,DEP,Income,Deposit Other,Venmo cashout,6.0
2024-12-05,POS,Expenses,Groceries,Venmo for groceries (Rana Hegg),15.0
2024-12-06,POS,Expenses,Groceries,Bought drink at gas station,3.39
2024-12-06,DEP,Income,Deposit Other,Venmo cashout,15.0
2024-12-06,POS,Expenses,Groceries,Groceries - Hy-Vee,3.71
2024-12-06,POS,Expenses,Fitness,B Well Hot Yoga,15.93
2024-12-07,POS,Expenses,Groceries,Groceries - Walmart,8.3
2024-12-07,POS,Expenses,Groceries,Bought food at gas station,6.39
2024-12-09,POS,Expenses,Recreation,Bought AC/DC tickets,460.98
2024-12-09,POS,Expenses,Gifts,Bought Jessi Hegg Coffee,26.0
2024-12-09,POS,Expenses,Recreation,Bought ugly Christmas sweaters for The Nest Christmas card,62.41
2024-12-09,DEP,Income,Transfer from Savings,Transfer from Capital One,300.0
2024-12-09,POS,Expenses,Utilities,Utilities (November 2024),85.34
2024-12-09,POS,Expenses,Car Payment,Car Payment (December 2024),500.0
2024-12-09,DEP,Income,Deposit Other,Cashed check for Oasis small group refund,47.0
2024-12-10,DEP,Income,Deposit Other,Venmo cashout,31.5
2024-12-11,POS,Expenses,Groceries,Venmo for groceries (Rana Hegg),9.0
2024-12-11,POS,Expenses,Groceries,Groceries - Walmart,14.15
2024-12-11,POS,Expenses,Groceries,Bought food at gas station,6.26
2024-12-11,POS,Expenses,Gas & Misc.,Gas,50.0
2024-12-11,POS,Expenses,Dining Out,Got coffee,8.62
2024-12-12,POS,Expenses,Other,Bought stamps,52.57
2024-12-12,DEP,Income,Deposit Other,Refund for stamps,35.05
2024-12-12,POS,Expenses,Recreation,The Nest Christmas Cards,59.98
2024-12-12,DEP,Income,Deposit Other,Refund for Tyler's ugly Christmas sweater,26.54
2024-12-12,DEP,Income,Deposit Other,Refund for envelopes,9.01
2024-12-13,POS,Expenses,Groceries,Groceries - Walmart,7.29
2024-12-13,POS,Expenses,Dining Out,Got coffee,6.27
2024-12-13,DEP,Income,Deposit ONE,John Deere Paycheck,1546.55
2024-12-13,POS,Expenses,Dining Out,Venmo for Ice Cream (Rana Hegg),4.0
2024-12-13,POS,Expenses,Dining Out,Venmo for Qdoba (Rana Hegg),16.0
2024-12-14,POS,Expenses,Gifts,Bought Nikki Hienz Christmas gift,47.79
2024-12-15,POS,Expenses,Groceries,Groceries - Hy-Vee,4.0
2024-12-15,POS,Expenses,Groceries,Groceries - Walmart,3.37
2024-12-16,DEP,Income,Deposit Other,Venmo cashout,16.73
2024-12-16,DEP,Income,Deposit Other,Venmo cashout,41.71
2024-12-16,POS,Expenses,Dining Out,Venmo for Hy Chi (Rana Hegg),6.0
2024-12-16,POS,Expenses,Gifts,Venmo for Oasis White Elephant Gift (Andrew Pick),12.0
2024-12-16,POS,Expenses,Gifts,Venmo for Oasis White Elephant Gift (Andrew Pick),8.0
